-- MySQL dump 10.13  Distrib 5.7.18, for macos10.12 (x86_64)
--
-- Host: localhost    Database: cmdb_test
-- ------------------------------------------------------
-- Server version	5.7.18

/*!40101 SET @OLD_CHARACTER_SET_CLIENT=@@CHARACTER_SET_CLIENT */;
/*!40101 SET @OLD_CHARACTER_SET_RESULTS=@@CHARACTER_SET_RESULTS */;
/*!40101 SET @OLD_COLLATION_CONNECTION=@@COLLATION_CONNECTION */;
/*!40101 SET NAMES utf8 */;
/*!40103 SET @OLD_TIME_ZONE=@@TIME_ZONE */;
/*!40103 SET TIME_ZONE='+00:00' */;
/*!40014 SET @OLD_UNIQUE_CHECKS=@@UNIQUE_CHECKS, UNIQUE_CHECKS=0 */;
/*!40014 SET @OLD_FOREIGN_KEY_CHECKS=@@FOREIGN_KEY_CHECKS, FOREIGN_KEY_CHECKS=0 */;
/*!40101 SET @OLD_SQL_MODE=@@SQL_MODE, SQL_MODE='NO_AUTO_VALUE_ON_ZERO' */;
/*!40111 SET @OLD_SQL_NOTES=@@SQL_NOTES, SQL_NOTES=0 */;

--
-- Table structure for table `c_attribute_histories`
--

DROP TABLE IF EXISTS `c_attribute_histories`;
/*!40101 SET @saved_cs_client     = @@character_set_client */;
/*!40101 SET character_set_client = utf8 */;
CREATE TABLE `c_attribute_histories` (
  `deleted_at` datetime DEFAULT NULL,
  `deleted` tinyint(1) DEFAULT NULL,
  `created_at` datetime DEFAULT NULL,
  `updated_at` datetime DEFAULT NULL,
  `id` int(11) NOT NULL AUTO_INCREMENT,
  `operate_type` enum('0','1','2') DEFAULT NULL,
  `record_id` int(11) NOT NULL,
  `ci_id` int(11) NOT NULL,
  `attr_id` int(11) DEFAULT NULL,
  `old` text,
  `new` text,
  PRIMARY KEY (`id`),
  KEY `record_id` (`record_id`),
  KEY `ix_c_attribute_histories_ci_id` (`ci_id`),
  KEY `ix_c_attribute_histories_deleted` (`deleted`),
  KEY `ix_c_attribute_histories_attr_id` (`attr_id`),
  CONSTRAINT `c_attribute_histories_ibfk_1` FOREIGN KEY (`record_id`) REFERENCES `c_records` (`id`)
) ENGINE=InnoDB AUTO_INCREMENT=757 DEFAULT CHARSET=utf8;
/*!40101 SET character_set_client = @saved_cs_client */;

--
-- Dumping data for table `c_attribute_histories`
--

LOCK TABLES `c_attribute_histories` WRITE;
/*!40000 ALTER TABLE `c_attribute_histories` DISABLE KEYS */;
INSERT INTO `c_attribute_histories` VALUES (NULL,0,'2019-08-25 12:11:29',NULL,1,'0',1,1,4,NULL,'cmdb'),(NULL,0,'2019-08-25 12:11:29',NULL,2,'0',2,1,14,NULL,'在线'),(NULL,0,'2019-08-25 12:11:29',NULL,3,'0',3,1,10,NULL,'pycook'),(NULL,0,'2019-08-25 12:11:29',NULL,4,'0',4,1,11,NULL,'pycook'),(NULL,0,'2019-08-25 12:11:29',NULL,5,'0',5,1,12,NULL,'pycook'),(NULL,0,'2019-08-25 12:11:29',NULL,6,'0',6,1,13,NULL,'运维配置管理数据'),(NULL,0,'2019-08-25 12:14:58',NULL,7,'0',7,2,16,NULL,'cmdb01'),(NULL,0,'2019-08-25 12:14:58',NULL,8,'0',8,2,15,NULL,'192.168.100.2'),(NULL,0,'2019-08-25 12:14:58',NULL,9,'0',9,2,5,NULL,'JXCTGQ2'),(NULL,0,'2019-08-25 12:14:58',NULL,10,'0',10,2,29,NULL,'南汇'),(NULL,0,'2019-08-25 12:14:58',NULL,11,'0',11,2,17,NULL,'在线'),(NULL,0,'2019-08-25 12:14:58',NULL,12,'0',12,2,28,NULL,'prod'),(NULL,0,'2019-08-25 12:14:58',NULL,13,'0',13,2,11,NULL,'pycook'),(NULL,0,'2019-08-25 12:14:58',NULL,14,'0',14,2,19,NULL,'CentOS Linux release 7.5.1804 (Core)'),(NULL,0,'2019-08-25 12:14:58',NULL,15,'0',15,2,20,NULL,'3.10.0-862.9.1.el7.x86_64'),(NULL,0,'2019-08-25 12:14:58',NULL,16,'0',16,2,21,NULL,'Intel Xeon Silver 4114 Processor'),(NULL,0,'2019-08-25 12:14:58',NULL,17,'0',17,2,22,NULL,'2'),(NULL,0,'2019-08-25 12:14:58',NULL,18,'0',18,2,23,NULL,'40'),(NULL,0,'2019-08-25 12:14:58',NULL,19,'0',19,2,24,NULL,'enable'),(NULL,0,'2019-08-25 12:14:58',NULL,20,'0',20,2,25,NULL,'3.273TB/RAID5'),(NULL,0,'2019-08-25 12:14:58',NULL,21,'0',21,2,30,NULL,'64GB'),(NULL,0,'2019-08-25 13:35:56',NULL,22,'0',23,5,21,NULL,'Intel Xeon Silver 4114 Processor'),(NULL,0,'2019-08-25 13:35:56',NULL,23,'0',22,4,21,NULL,'Intel Xeon Silver 4114 Processor'),(NULL,0,'2019-08-25 13:35:56',NULL,24,'0',24,6,21,NULL,'Intel Xeon Silver 4114 Processor'),(NULL,0,'2019-08-25 13:35:56',NULL,25,'0',25,3,21,NULL,'Intel Xeon Silver 4114 Processor'),(NULL,0,'2019-08-25 13:35:56',NULL,26,'0',26,7,21,NULL,'Intel Xeon Silver 4114 Processor'),(NULL,0,'2019-08-25 13:35:56',NULL,27,'0',29,5,22,NULL,'2'),(NULL,0,'2019-08-25 13:35:56',NULL,28,'0',27,4,22,NULL,'2'),(NULL,0,'2019-08-25 13:35:56',NULL,29,'0',28,6,22,NULL,'2'),(NULL,0,'2019-08-25 13:35:56',NULL,30,'0',30,3,22,NULL,'2'),(NULL,0,'2019-08-25 13:35:56',NULL,31,'0',31,7,22,NULL,'2'),(NULL,0,'2019-08-25 13:35:56',NULL,32,'0',32,4,28,NULL,'prod'),(NULL,0,'2019-08-25 13:35:56',NULL,33,'0',33,5,28,NULL,'prod'),(NULL,0,'2019-08-25 13:35:56',NULL,34,'0',34,3,28,NULL,'prod'),(NULL,0,'2019-08-25 13:35:56',NULL,35,'0',35,6,28,NULL,'prod'),(NULL,0,'2019-08-25 13:35:56',NULL,36,'0',36,7,28,NULL,'prod'),(NULL,0,'2019-08-25 13:35:56',NULL,37,'0',38,5,16,NULL,'cmdb05'),(NULL,0,'2019-08-25 13:35:56',NULL,38,'0',37,4,16,NULL,'cmdb04'),(NULL,0,'2019-08-25 13:35:56',NULL,39,'0',39,6,16,NULL,'cmdb06'),(NULL,0,'2019-08-25 13:35:56',NULL,40,'0',40,3,16,NULL,'cmdb02'),(NULL,0,'2019-08-25 13:35:56',NULL,41,'0',41,7,16,NULL,'cmdb03'),(NULL,0,'2019-08-25 13:35:56',NULL,42,'0',44,6,24,NULL,'enable'),(NULL,0,'2019-08-25 13:35:56',NULL,43,'0',43,5,24,NULL,'enable'),(NULL,0,'2019-08-25 13:35:56',NULL,44,'0',42,4,24,NULL,'enable'),(NULL,0,'2019-08-25 13:35:56',NULL,45,'0',45,3,24,NULL,'enable'),(NULL,0,'2019-08-25 13:35:56',NULL,46,'0',46,7,24,NULL,'enable'),(NULL,0,'2019-08-25 13:35:56',NULL,47,'0',48,4,29,NULL,'南汇'),(NULL,0,'2019-08-25 13:35:56',NULL,48,'0',47,5,29,NULL,'南汇'),(NULL,0,'2019-08-25 13:35:56',NULL,49,'0',49,3,29,NULL,'南汇'),(NULL,0,'2019-08-25 13:35:56',NULL,50,'0',50,6,29,NULL,'南汇'),(NULL,0,'2019-08-25 13:35:56',NULL,51,'0',51,7,29,NULL,'南汇'),(NULL,0,'2019-08-25 13:35:56',NULL,52,'0',53,4,20,NULL,'3.10.0-862.9.1.el7.x86_64'),(NULL,0,'2019-08-25 13:35:56',NULL,53,'0',54,3,20,NULL,'3.10.0-862.9.1.el7.x86_64'),(NULL,0,'2019-08-25 13:35:56',NULL,54,'0',52,5,20,NULL,'3.10.0-862.9.1.el7.x86_64'),(NULL,0,'2019-08-25 13:35:56',NULL,55,'0',55,6,20,NULL,'3.10.0-862.9.1.el7.x86_64'),(NULL,0,'2019-08-25 13:35:57',NULL,56,'0',57,4,23,NULL,'40'),(NULL,0,'2019-08-25 13:35:57',NULL,57,'0',56,7,20,NULL,'3.10.0-862.9.1.el7.x86_64'),(NULL,0,'2019-08-25 13:35:57',NULL,58,'0',58,5,23,NULL,'40'),(NULL,0,'2019-08-25 13:35:57',NULL,59,'0',59,3,23,NULL,'40'),(NULL,0,'2019-08-25 13:35:57',NULL,60,'0',60,6,23,NULL,'40'),(NULL,0,'2019-08-25 13:35:57',NULL,61,'0',61,4,11,NULL,'pycook'),(NULL,0,'2019-08-25 13:35:57',NULL,62,'0',62,5,11,NULL,'pycook'),(NULL,0,'2019-08-25 13:35:57',NULL,63,'0',64,7,23,NULL,'40'),(NULL,0,'2019-08-25 13:35:57',NULL,64,'0',63,3,11,NULL,'pycook'),(NULL,0,'2019-08-25 13:35:57',NULL,65,'0',65,6,11,NULL,'pycook'),(NULL,0,'2019-08-25 13:35:57',NULL,66,'0',66,5,19,NULL,'CentOS Linux release 7.5.1804 (Core)'),(NULL,0,'2019-08-25 13:35:57',NULL,67,'0',67,4,19,NULL,'CentOS Linux release 7.5.1804 (Core)'),(NULL,0,'2019-08-25 13:35:57',NULL,68,'0',68,7,11,NULL,'pycook'),(NULL,0,'2019-08-25 13:35:57',NULL,69,'0',69,3,19,NULL,'CentOS Linux release 7.5.1804 (Core)'),(NULL,0,'2019-08-25 13:35:57',NULL,70,'0',70,6,19,NULL,'CentOS Linux release 7.5.1804 (Core)'),(NULL,0,'2019-08-25 13:35:57',NULL,71,'0',71,5,15,NULL,'192.168.100.6'),(NULL,0,'2019-08-25 13:35:57',NULL,72,'0',72,7,19,NULL,'CentOS Linux release 7.5.1804 (Core)'),(NULL,0,'2019-08-25 13:35:57',NULL,73,'0',73,4,15,NULL,'192.168.100.5'),(NULL,0,'2019-08-25 13:35:57',NULL,74,'0',75,6,15,NULL,'192.168.100.7'),(NULL,0,'2019-08-25 13:35:57',NULL,75,'0',74,3,15,NULL,'192.168.100.3'),(NULL,0,'2019-08-25 13:35:57',NULL,76,'0',76,5,25,NULL,'3.273TB/RAID5'),(NULL,0,'2019-08-25 13:35:57',NULL,77,'0',78,4,25,NULL,'3.273TB/RAID5'),(NULL,0,'2019-08-25 13:35:57',NULL,78,'0',77,7,15,NULL,'192.168.100.4'),(NULL,0,'2019-08-25 13:35:57',NULL,79,'0',79,6,25,NULL,'3.273TB/RAID5'),(NULL,0,'2019-08-25 13:35:57',NULL,80,'0',80,3,25,NULL,'3.273TB/RAID5'),(NULL,0,'2019-08-25 13:35:57',NULL,81,'0',81,5,30,NULL,'64GB'),(NULL,0,'2019-08-25 13:35:57',NULL,82,'0',82,7,25,NULL,'3.273TB/RAID5'),(NULL,0,'2019-08-25 13:35:57',NULL,83,'0',83,4,30,NULL,'64GB'),(NULL,0,'2019-08-25 13:35:57',NULL,84,'0',84,6,30,NULL,'64GB'),(NULL,0,'2019-08-25 13:35:57',NULL,85,'0',85,3,30,NULL,'64GB'),(NULL,0,'2019-08-25 13:35:57',NULL,86,'0',86,5,5,NULL,'JXCTGQ6'),(NULL,0,'2019-08-25 13:35:57',NULL,87,'0',87,7,30,NULL,'64GB'),(NULL,0,'2019-08-25 13:35:57',NULL,88,'0',88,6,5,NULL,'JXCTGQ7'),(NULL,0,'2019-08-25 13:35:57',NULL,89,'0',89,4,5,NULL,'JXCTGQ5'),(NULL,0,'2019-08-25 13:35:57',NULL,90,'0',90,3,5,NULL,'JXCTGQ3'),(NULL,0,'2019-08-25 13:35:57',NULL,91,'0',91,8,21,NULL,'Intel Xeon Silver 4114 Processor'),(NULL,0,'2019-08-25 13:35:57',NULL,92,'0',92,7,5,NULL,'JXCTGQ4'),(NULL,0,'2019-08-25 13:35:57',NULL,93,'0',93,6,17,NULL,'在线'),(NULL,0,'2019-08-25 13:35:57',NULL,94,'0',94,5,17,NULL,'在线'),(NULL,0,'2019-08-25 13:35:57',NULL,95,'0',96,4,17,NULL,'在线'),(NULL,0,'2019-08-25 13:35:57',NULL,96,'0',95,8,22,NULL,'2'),(NULL,0,'2019-08-25 13:35:57',NULL,97,'0',97,3,17,NULL,'在线'),(NULL,0,'2019-08-25 13:35:57',NULL,98,'0',98,7,17,NULL,'在线'),(NULL,0,'2019-08-25 13:35:57',NULL,99,'0',99,8,28,NULL,'prod'),(NULL,0,'2019-08-25 13:35:58',NULL,100,'0',100,9,21,NULL,'Intel Xeon Silver 4114 Processor'),(NULL,0,'2019-08-25 13:35:58',NULL,101,'0',101,10,21,NULL,'Intel Xeon Silver 4114 Processor'),(NULL,0,'2019-08-25 13:35:58',NULL,102,'0',103,12,21,NULL,'Intel Xeon Silver 4114 Processor'),(NULL,0,'2019-08-25 13:35:58',NULL,103,'0',102,8,16,NULL,'cmdb07'),(NULL,0,'2019-08-25 13:35:58',NULL,104,'0',104,11,21,NULL,'Intel Xeon Silver 4114 Processor'),(NULL,0,'2019-08-25 13:35:58',NULL,105,'0',105,13,21,NULL,'Intel Xeon Silver 4114 Processor'),(NULL,0,'2019-08-25 13:35:58',NULL,106,'0',106,9,22,NULL,'2'),(NULL,0,'2019-08-25 13:35:58',NULL,107,'0',107,10,22,NULL,'2'),(NULL,0,'2019-08-25 13:35:58',NULL,108,'0',108,12,22,NULL,'2'),(NULL,0,'2019-08-25 13:35:58',NULL,109,'0',110,8,24,NULL,'enable'),(NULL,0,'2019-08-25 13:35:58',NULL,110,'0',109,11,22,NULL,'2'),(NULL,0,'2019-08-25 13:35:58',NULL,111,'0',111,13,22,NULL,'2'),(NULL,0,'2019-08-25 13:35:58',NULL,112,'0',112,10,28,NULL,'prod'),(NULL,0,'2019-08-25 13:35:58',NULL,113,'0',113,9,28,NULL,'prod'),(NULL,0,'2019-08-25 13:35:58',NULL,114,'0',115,8,29,NULL,'南汇'),(NULL,0,'2019-08-25 13:35:58',NULL,115,'0',114,12,28,NULL,'prod'),(NULL,0,'2019-08-25 13:35:58',NULL,116,'0',116,11,28,NULL,'prod'),(NULL,0,'2019-08-25 13:35:58',NULL,117,'0',117,10,16,NULL,'cmdb09'),(NULL,0,'2019-08-25 13:35:58',NULL,118,'0',118,13,28,NULL,'prod'),(NULL,0,'2019-08-25 13:35:58',NULL,119,'0',119,9,16,NULL,'cmdb08'),(NULL,0,'2019-08-25 13:35:58',NULL,120,'0',120,8,20,NULL,'3.10.0-862.9.1.el7.x86_64'),(NULL,0,'2019-08-25 13:35:58',NULL,121,'0',121,12,16,NULL,'cmdb12'),(NULL,0,'2019-08-25 13:35:58',NULL,122,'0',122,11,16,NULL,'cmdb11'),(NULL,0,'2019-08-25 13:35:58',NULL,123,'0',123,10,24,NULL,'enable'),(NULL,0,'2019-08-25 13:35:58',NULL,124,'0',124,13,16,NULL,'cmdb10'),(NULL,0,'2019-08-25 13:35:58',NULL,125,'0',125,8,23,NULL,'40'),(NULL,0,'2019-08-25 13:35:58',NULL,126,'0',127,9,24,NULL,'enable'),(NULL,0,'2019-08-25 13:35:58',NULL,127,'0',126,12,24,NULL,'enable'),(NULL,0,'2019-08-25 13:35:58',NULL,128,'0',129,10,29,NULL,'南汇'),(NULL,0,'2019-08-25 13:35:58',NULL,129,'0',128,11,24,NULL,'enable'),(NULL,0,'2019-08-25 13:35:58',NULL,130,'0',131,9,29,NULL,'南汇'),(NULL,0,'2019-08-25 13:35:58',NULL,131,'0',130,13,24,NULL,'enable'),(NULL,0,'2019-08-25 13:35:58',NULL,132,'0',132,8,11,NULL,'pycook'),(NULL,0,'2019-08-25 13:35:58',NULL,133,'0',133,12,29,NULL,'南汇'),(NULL,0,'2019-08-25 13:35:58',NULL,134,'0',134,10,20,NULL,'3.10.0-862.9.1.el7.x86_64'),(NULL,0,'2019-08-25 13:35:58',NULL,135,'0',135,11,29,NULL,'南汇'),(NULL,0,'2019-08-25 13:35:58',NULL,136,'0',136,8,19,NULL,'CentOS Linux release 7.5.1804 (Core)'),(NULL,0,'2019-08-25 13:35:58',NULL,137,'0',137,9,20,NULL,'3.10.0-862.9.1.el7.x86_64'),(NULL,0,'2019-08-25 13:35:58',NULL,138,'0',138,13,29,NULL,'南汇'),(NULL,0,'2019-08-25 13:35:58',NULL,139,'0',139,12,20,NULL,'3.10.0-862.9.1.el7.x86_64'),(NULL,0,'2019-08-25 13:35:58',NULL,140,'0',140,10,23,NULL,'40'),(NULL,0,'2019-08-25 13:35:58',NULL,141,'0',142,9,23,NULL,'40'),(NULL,0,'2019-08-25 13:35:58',NULL,142,'0',141,11,20,NULL,'3.10.0-862.9.1.el7.x86_64'),(NULL,0,'2019-08-25 13:35:58',NULL,143,'0',143,13,20,NULL,'3.10.0-862.9.1.el7.x86_64'),(NULL,0,'2019-08-25 13:35:58',NULL,144,'0',144,8,15,NULL,'192.168.100.8'),(NULL,0,'2019-08-25 13:35:58',NULL,145,'0',145,12,23,NULL,'40'),(NULL,0,'2019-08-25 13:35:58',NULL,146,'0',146,10,11,NULL,'pycook'),(NULL,0,'2019-08-25 13:35:58',NULL,147,'0',148,9,11,NULL,'pycook'),(NULL,0,'2019-08-25 13:35:58',NULL,148,'0',147,13,23,NULL,'40'),(NULL,0,'2019-08-25 13:35:58',NULL,149,'0',149,11,23,NULL,'40'),(NULL,0,'2019-08-25 13:35:58',NULL,150,'0',150,8,25,NULL,'3.273TB/RAID5'),(NULL,0,'2019-08-25 13:35:58',NULL,151,'0',151,12,11,NULL,'pycook'),(NULL,0,'2019-08-25 13:35:58',NULL,152,'0',153,9,19,NULL,'CentOS Linux release 7.5.1804 (Core)'),(NULL,0,'2019-08-25 13:35:58',NULL,153,'0',152,11,11,NULL,'pycook'),(NULL,0,'2019-08-25 13:35:58',NULL,154,'0',154,10,19,NULL,'CentOS Linux release 7.5.1804 (Core)'),(NULL,0,'2019-08-25 13:35:58',NULL,155,'0',155,13,11,NULL,'pycook'),(NULL,0,'2019-08-25 13:35:59',NULL,156,'0',156,12,19,NULL,'CentOS Linux release 7.5.1804 (Core)'),(NULL,0,'2019-08-25 13:35:59',NULL,157,'0',157,8,30,NULL,'64GB'),(NULL,0,'2019-08-25 13:35:59',NULL,158,'0',159,10,15,NULL,'192.168.100.10'),(NULL,0,'2019-08-25 13:35:59',NULL,159,'0',160,11,19,NULL,'CentOS Linux release 7.5.1804 (Core)'),(NULL,0,'2019-08-25 13:35:59',NULL,160,'0',158,9,15,NULL,'192.168.100.9'),(NULL,0,'2019-08-25 13:35:59',NULL,161,'0',161,13,19,NULL,'CentOS Linux release 7.5.1804 (Core)'),(NULL,0,'2019-08-25 13:35:59',NULL,162,'0',162,12,15,NULL,'192.168.100.13'),(NULL,0,'2019-08-25 13:35:59',NULL,163,'0',163,8,5,NULL,'JXCTGQ8'),(NULL,0,'2019-08-25 13:35:59',NULL,164,'0',164,11,15,NULL,'192.168.100.12'),(NULL,0,'2019-08-25 13:35:59',NULL,165,'0',165,10,25,NULL,'3.273TB/RAID5'),(NULL,0,'2019-08-25 13:35:59',NULL,166,'0',166,13,15,NULL,'192.168.100.11'),(NULL,0,'2019-08-25 13:35:59',NULL,167,'0',167,9,25,NULL,'3.273TB/RAID5'),(NULL,0,'2019-08-25 13:35:59',NULL,168,'0',168,12,25,NULL,'3.273TB/RAID5'),(NULL,0,'2019-08-25 13:35:59',NULL,169,'0',169,8,17,NULL,'在线'),(NULL,0,'2019-08-25 13:35:59',NULL,170,'0',170,10,30,NULL,'64GB'),(NULL,0,'2019-08-25 13:35:59',NULL,171,'0',171,11,25,NULL,'3.273TB/RAID5'),(NULL,0,'2019-08-25 13:35:59',NULL,172,'0',172,13,25,NULL,'3.273TB/RAID5'),(NULL,0,'2019-08-25 13:35:59',NULL,173,'0',173,9,30,NULL,'64GB'),(NULL,0,'2019-08-25 13:35:59',NULL,174,'0',174,12,30,NULL,'64GB'),(NULL,0,'2019-08-25 13:35:59',NULL,175,'0',175,13,30,NULL,'64GB'),(NULL,0,'2019-08-25 13:35:59',NULL,176,'0',176,10,5,NULL,'JXCTGQ10'),(NULL,0,'2019-08-25 13:35:59',NULL,177,'0',177,11,30,NULL,'64GB'),(NULL,0,'2019-08-25 13:35:59',NULL,178,'0',179,9,5,NULL,'JXCTGQ9'),(NULL,0,'2019-08-25 13:35:59',NULL,179,'0',178,12,5,NULL,'JXCTGQ13'),(NULL,0,'2019-08-25 13:35:59',NULL,180,'0',180,13,5,NULL,'JXCTGQ11'),(NULL,0,'2019-08-25 13:35:59',NULL,181,'0',181,10,17,NULL,'在线'),(NULL,0,'2019-08-25 13:35:59',NULL,182,'0',182,11,5,NULL,'JXCTGQ12'),(NULL,0,'2019-08-25 13:35:59',NULL,183,'0',183,14,21,NULL,'Intel Xeon Silver 4114 Processor'),(NULL,0,'2019-08-25 13:35:59',NULL,184,'0',184,9,17,NULL,'在线'),(NULL,0,'2019-08-25 13:35:59',NULL,185,'0',185,12,17,NULL,'在线'),(NULL,0,'2019-08-25 13:35:59',NULL,186,'0',186,13,17,NULL,'在线'),(NULL,0,'2019-08-25 13:35:59',NULL,187,'0',187,14,22,NULL,'2'),(NULL,0,'2019-08-25 13:35:59',NULL,188,'0',188,11,17,NULL,'在线'),(NULL,0,'2019-08-25 13:35:59',NULL,189,'0',189,15,21,NULL,'Intel Xeon Silver 4114 Processor'),(NULL,0,'2019-08-25 13:35:59',NULL,190,'0',190,14,28,NULL,'prod'),(NULL,0,'2019-08-25 13:35:59',NULL,191,'0',192,15,22,NULL,'2'),(NULL,0,'2019-08-25 13:35:59',NULL,192,'0',191,16,21,NULL,'Intel Xeon Silver 4114 Processor'),(NULL,0,'2019-08-25 13:35:59',NULL,193,'0',194,17,21,NULL,'Intel Xeon Silver 4114 Processor'),(NULL,0,'2019-08-25 13:35:59',NULL,194,'0',193,18,21,NULL,'Intel Xeon Silver 4114 Processor'),(NULL,0,'2019-08-25 13:36:00',NULL,195,'0',195,14,16,NULL,'cmdb13'),(NULL,0,'2019-08-25 13:36:00',NULL,196,'0',196,16,22,NULL,'2'),(NULL,0,'2019-08-25 13:36:00',NULL,197,'0',197,15,28,NULL,'prod'),(NULL,0,'2019-08-25 13:36:00',NULL,198,'0',198,19,21,NULL,'Intel Xeon Silver 4114 Processor'),(NULL,0,'2019-08-25 13:36:00',NULL,199,'0',199,17,22,NULL,'2'),(NULL,0,'2019-08-25 13:36:00',NULL,200,'0',200,18,22,NULL,'2'),(NULL,0,'2019-08-25 13:36:00',NULL,201,'0',201,14,24,NULL,'enable'),(NULL,0,'2019-08-25 13:36:00',NULL,202,'0',202,15,16,NULL,'cmdb14'),(NULL,0,'2019-08-25 13:36:00',NULL,203,'0',204,19,22,NULL,'2'),(NULL,0,'2019-08-25 13:36:00',NULL,204,'0',203,16,28,NULL,'prod'),(NULL,0,'2019-08-25 13:36:00',NULL,205,'0',205,18,28,NULL,'prod'),(NULL,0,'2019-08-25 13:36:00',NULL,206,'0',206,17,28,NULL,'prod'),(NULL,0,'2019-08-25 13:36:00',NULL,207,'0',207,14,29,NULL,'南汇'),(NULL,0,'2019-08-25 13:36:00',NULL,208,'0',208,15,24,NULL,'enable'),(NULL,0,'2019-08-25 13:36:00',NULL,209,'0',209,19,28,NULL,'prod'),(NULL,0,'2019-08-25 13:36:00',NULL,210,'0',210,16,16,NULL,'cmdb15'),(NULL,0,'2019-08-25 13:36:00',NULL,211,'0',211,18,16,NULL,'cmdb17'),(NULL,0,'2019-08-25 13:36:00',NULL,212,'0',212,17,16,NULL,'cmdb16'),(NULL,0,'2019-08-25 13:36:00',NULL,213,'0',214,14,20,NULL,'3.10.0-862.9.1.el7.x86_64'),(NULL,0,'2019-08-25 13:36:00',NULL,214,'0',213,15,29,NULL,'南汇'),(NULL,0,'2019-08-25 13:36:00',NULL,215,'0',215,18,24,NULL,'enable'),(NULL,0,'2019-08-25 13:36:00',NULL,216,'0',217,14,23,NULL,'40'),(NULL,0,'2019-08-25 13:36:00',NULL,217,'0',216,19,16,NULL,'cmdb18'),(NULL,0,'2019-08-25 13:36:00',NULL,218,'0',218,16,24,NULL,'enable'),(NULL,0,'2019-08-25 13:36:00',NULL,219,'0',219,15,20,NULL,'3.10.0-862.9.1.el7.x86_64'),(NULL,0,'2019-08-25 13:36:00',NULL,220,'0',220,17,24,NULL,'enable'),(NULL,0,'2019-08-25 13:36:00',NULL,221,'0',222,14,11,NULL,'pycook'),(NULL,0,'2019-08-25 13:36:00',NULL,222,'0',221,18,29,NULL,'南汇'),(NULL,0,'2019-08-25 13:36:00',NULL,223,'0',223,19,24,NULL,'enable'),(NULL,0,'2019-08-25 13:36:00',NULL,224,'0',224,16,29,NULL,'南汇'),(NULL,0,'2019-08-25 13:36:00',NULL,225,'0',225,15,23,NULL,'40'),(NULL,0,'2019-08-25 13:36:00',NULL,226,'0',226,17,29,NULL,'南汇'),(NULL,0,'2019-08-25 13:36:00',NULL,227,'0',227,18,20,NULL,'3.10.0-862.9.1.el7.x86_64'),(NULL,0,'2019-08-25 13:36:00',NULL,228,'0',228,14,19,NULL,'CentOS Linux release 7.5.1804 (Core)'),(NULL,0,'2019-08-25 13:36:00',NULL,229,'0',229,19,29,NULL,'南汇'),(NULL,0,'2019-08-25 13:36:00',NULL,230,'0',230,15,11,NULL,'pycook'),(NULL,0,'2019-08-25 13:36:00',NULL,231,'0',231,16,20,NULL,'3.10.0-862.9.1.el7.x86_64'),(NULL,0,'2019-08-25 13:36:00',NULL,232,'0',233,18,23,NULL,'40'),(NULL,0,'2019-08-25 13:36:00',NULL,233,'0',232,17,20,NULL,'3.10.0-862.9.1.el7.x86_64'),(NULL,0,'2019-08-25 13:36:00',NULL,234,'0',234,19,20,NULL,'3.10.0-862.9.1.el7.x86_64'),(NULL,0,'2019-08-25 13:36:00',NULL,235,'0',235,14,15,NULL,'192.168.100.14'),(NULL,0,'2019-08-25 13:36:00',NULL,236,'0',236,15,19,NULL,'CentOS Linux release 7.5.1804 (Core)'),(NULL,0,'2019-08-25 13:36:00',NULL,237,'0',238,18,11,NULL,'pycook'),(NULL,0,'2019-08-25 13:36:00',NULL,238,'0',237,16,23,NULL,'40'),(NULL,0,'2019-08-25 13:36:00',NULL,239,'0',239,17,23,NULL,'40'),(NULL,0,'2019-08-25 13:36:00',NULL,240,'0',242,15,15,NULL,'192.168.100.15'),(NULL,0,'2019-08-25 13:36:00',NULL,241,'0',241,14,25,NULL,'3.273TB/RAID5'),(NULL,0,'2019-08-25 13:36:00',NULL,242,'0',240,19,23,NULL,'40'),(NULL,0,'2019-08-25 13:36:00',NULL,243,'0',243,18,19,NULL,'CentOS Linux release 7.5.1804 (Core)'),(NULL,0,'2019-08-25 13:36:01',NULL,244,'0',244,16,11,NULL,'pycook'),(NULL,0,'2019-08-25 13:36:01',NULL,245,'0',245,17,11,NULL,'pycook'),(NULL,0,'2019-08-25 13:36:01',NULL,246,'0',247,15,25,NULL,'3.273TB/RAID5'),(NULL,0,'2019-08-25 13:36:01',NULL,247,'0',246,14,30,NULL,'64GB'),(NULL,0,'2019-08-25 13:36:01',NULL,248,'0',248,19,11,NULL,'pycook'),(NULL,0,'2019-08-25 13:36:01',NULL,249,'0',249,18,15,NULL,'192.168.100.18'),(NULL,0,'2019-08-25 13:36:01',NULL,250,'0',250,17,19,NULL,'CentOS Linux release 7.5.1804 (Core)'),(NULL,0,'2019-08-25 13:36:01',NULL,251,'0',251,16,19,NULL,'CentOS Linux release 7.5.1804 (Core)'),(NULL,0,'2019-08-25 13:36:01',NULL,252,'0',252,15,30,NULL,'64GB'),(NULL,0,'2019-08-25 13:36:01',NULL,253,'0',253,19,19,NULL,'CentOS Linux release 7.5.1804 (Core)'),(NULL,0,'2019-08-25 13:36:01',NULL,254,'0',254,14,5,NULL,'JXCTGQ14'),(NULL,0,'2019-08-25 13:36:01',NULL,255,'0',255,18,25,NULL,'3.273TB/RAID5'),(NULL,0,'2019-08-25 13:36:01',NULL,256,'0',256,17,15,NULL,'192.168.100.17'),(NULL,0,'2019-08-25 13:36:01',NULL,257,'0',257,16,15,NULL,'192.168.100.16'),(NULL,0,'2019-08-25 13:36:01',NULL,258,'0',258,19,15,NULL,'192.168.100.19'),(NULL,0,'2019-08-25 13:36:01',NULL,259,'0',259,15,5,NULL,'JXCTGQ15'),(NULL,0,'2019-08-25 13:36:01',NULL,260,'0',260,14,17,NULL,'在线'),(NULL,0,'2019-08-25 13:36:01',NULL,261,'0',261,18,30,NULL,'64GB'),(NULL,0,'2019-08-25 13:36:01',NULL,262,'0',262,17,25,NULL,'3.273TB/RAID5'),(NULL,0,'2019-08-25 13:36:01',NULL,263,'0',263,16,25,NULL,'3.273TB/RAID5'),(NULL,0,'2019-08-25 13:36:01',NULL,264,'0',264,17,30,NULL,'64GB'),(NULL,0,'2019-08-25 13:36:01',NULL,265,'0',265,18,5,NULL,'JXCTGQ18'),(NULL,0,'2019-08-25 13:36:01',NULL,266,'0',267,16,30,NULL,'64GB'),(NULL,0,'2019-08-25 13:36:01',NULL,267,'0',268,15,17,NULL,'在线'),(NULL,0,'2019-08-25 13:36:01',NULL,268,'0',266,19,25,NULL,'3.273TB/RAID5'),(NULL,0,'2019-08-25 13:36:01',NULL,269,'0',269,17,5,NULL,'JXCTGQ17'),(NULL,0,'2019-08-25 13:36:01',NULL,270,'0',271,20,21,NULL,'Intel Xeon Silver 4114 Processor'),(NULL,0,'2019-08-25 13:36:01',NULL,271,'0',272,16,5,NULL,'JXCTGQ16'),(NULL,0,'2019-08-25 13:36:01',NULL,272,'0',270,18,17,NULL,'在线'),(NULL,0,'2019-08-25 13:36:01',NULL,273,'0',273,19,30,NULL,'64GB'),(NULL,0,'2019-08-25 13:36:01',NULL,274,'0',274,16,17,NULL,'在线'),(NULL,0,'2019-08-25 13:36:01',NULL,275,'0',275,20,22,NULL,'2'),(NULL,0,'2019-08-25 13:36:01',NULL,276,'0',276,17,17,NULL,'在线'),(NULL,0,'2019-08-25 13:36:01',NULL,277,'0',277,19,5,NULL,'JXCTGQ19'),(NULL,0,'2019-08-25 13:36:01',NULL,278,'0',278,21,21,NULL,'Intel Xeon Silver 4114 Processor'),(NULL,0,'2019-08-25 13:36:01',NULL,279,'0',279,20,28,NULL,'prod'),(NULL,0,'2019-08-25 13:36:01',NULL,280,'0',281,23,21,NULL,'Intel Xeon Silver 4114 Processor'),(NULL,0,'2019-08-25 13:36:01',NULL,281,'0',280,22,21,NULL,'Intel Xeon Silver 4114 Processor'),(NULL,0,'2019-08-25 13:36:02',NULL,282,'0',282,21,22,NULL,'2'),(NULL,0,'2019-08-25 13:36:02',NULL,283,'0',283,20,16,NULL,'cmdb19'),(NULL,0,'2019-08-25 13:36:02',NULL,284,'0',284,19,17,NULL,'在线'),(NULL,0,'2019-08-25 13:36:02',NULL,285,'0',285,23,22,NULL,'2'),(NULL,0,'2019-08-25 13:36:02',NULL,286,'0',286,24,21,NULL,'Intel Xeon Silver 4114 Processor'),(NULL,0,'2019-08-25 13:36:02',NULL,287,'0',287,22,22,NULL,'2'),(NULL,0,'2019-08-25 13:36:02',NULL,288,'0',288,25,21,NULL,'Intel Xeon Silver 4114 Processor'),(NULL,0,'2019-08-25 13:36:02',NULL,289,'0',289,21,28,NULL,'prod'),(NULL,0,'2019-08-25 13:36:02',NULL,290,'0',290,24,22,NULL,'2'),(NULL,0,'2019-08-25 13:36:02',NULL,291,'0',291,23,28,NULL,'prod'),(NULL,0,'2019-08-25 13:36:02',NULL,292,'0',292,20,24,NULL,'enable'),(NULL,0,'2019-08-25 13:36:02',NULL,293,'0',293,29,21,NULL,'Intel Xeon Silver 4114 Processor'),(NULL,0,'2019-08-25 13:36:02',NULL,294,'0',294,28,21,NULL,'Intel Xeon Silver 4114 Processor'),(NULL,0,'2019-08-25 13:36:02',NULL,295,'0',295,32,21,NULL,'Intel Xeon Silver 4114 Processor'),(NULL,0,'2019-08-25 13:36:02',NULL,296,'0',298,33,21,NULL,'Intel Xeon Silver 4114 Processor'),(NULL,0,'2019-08-25 13:36:03',NULL,297,'0',297,31,21,NULL,'Intel Xeon Silver 4114 Processor'),(NULL,0,'2019-08-25 13:36:03',NULL,298,'0',296,27,21,NULL,'Intel Xeon Silver 4114 Processor'),(NULL,0,'2019-08-25 13:36:03',NULL,299,'0',303,34,21,NULL,'Intel Xeon Silver 4114 Processor'),(NULL,0,'2019-08-25 13:36:03',NULL,300,'0',300,25,22,NULL,'2'),(NULL,0,'2019-08-25 13:36:03',NULL,301,'0',299,26,21,NULL,'Intel Xeon Silver 4114 Processor'),(NULL,0,'2019-08-25 13:36:03',NULL,302,'0',308,37,21,NULL,'Intel Xeon Silver 4114 Processor'),(NULL,0,'2019-08-25 13:36:03',NULL,303,'0',306,35,21,NULL,'Intel Xeon Silver 4114 Processor'),(NULL,0,'2019-08-25 13:36:03',NULL,304,'0',305,23,16,NULL,'cmdb22'),(NULL,0,'2019-08-25 13:36:03',NULL,305,'0',304,22,28,NULL,'prod'),(NULL,0,'2019-08-25 13:36:03',NULL,306,'0',311,32,22,NULL,'2'),(NULL,0,'2019-08-25 13:36:03',NULL,307,'0',301,36,21,NULL,'Intel Xeon Silver 4114 Processor'),(NULL,0,'2019-08-25 13:36:03',NULL,308,'0',313,45,21,NULL,'Intel Xeon Silver 4114 Processor'),(NULL,0,'2019-08-25 13:36:03',NULL,309,'0',310,39,21,NULL,'Intel Xeon Silver 4114 Processor'),(NULL,0,'2019-08-25 13:36:03',NULL,310,'0',302,21,16,NULL,'cmdb20'),(NULL,0,'2019-08-25 13:36:03',NULL,311,'0',316,41,21,NULL,'Intel Xeon Silver 4114 Processor'),(NULL,0,'2019-08-25 13:36:03',NULL,312,'0',312,40,21,NULL,'Intel Xeon Silver 4114 Processor'),(NULL,0,'2019-08-25 13:36:03',NULL,313,'0',317,48,21,NULL,'Intel Xeon Silver 4114 Processor'),(NULL,0,'2019-08-25 13:36:03',NULL,314,'0',309,42,21,NULL,'Intel Xeon Silver 4114 Processor'),(NULL,0,'2019-08-25 13:36:03',NULL,315,'0',318,28,22,NULL,'2'),(NULL,0,'2019-08-25 13:36:03',NULL,316,'0',320,43,21,NULL,'Intel Xeon Silver 4114 Processor'),(NULL,0,'2019-08-25 13:36:03',NULL,317,'0',321,20,29,NULL,'南汇'),(NULL,0,'2019-08-25 13:36:03',NULL,318,'0',314,24,28,NULL,'prod'),(NULL,0,'2019-08-25 13:36:03',NULL,319,'0',319,30,21,NULL,'Intel Xeon Silver 4114 Processor'),(NULL,0,'2019-08-25 13:36:03',NULL,320,'0',325,25,28,NULL,'prod'),(NULL,0,'2019-08-25 13:36:03',NULL,321,'0',322,31,22,NULL,'2'),(NULL,0,'2019-08-25 13:36:03',NULL,322,'0',323,27,22,NULL,'2'),(NULL,0,'2019-08-25 13:36:03',NULL,323,'0',307,38,21,NULL,'Intel Xeon Silver 4114 Processor'),(NULL,0,'2019-08-25 13:36:03',NULL,324,'0',327,26,22,NULL,'2'),(NULL,0,'2019-08-25 13:36:03',NULL,325,'0',326,50,21,NULL,'Intel Xeon Silver 4114 Processor'),(NULL,0,'2019-08-25 13:36:03',NULL,326,'0',330,39,22,NULL,'2'),(NULL,0,'2019-08-25 13:36:03',NULL,327,'0',329,45,22,NULL,'2'),(NULL,0,'2019-08-25 13:36:03',NULL,328,'0',324,46,21,NULL,'Intel Xeon Silver 4114 Processor'),(NULL,0,'2019-08-25 13:36:03',NULL,329,'0',332,35,22,NULL,'2'),(NULL,0,'2019-08-25 13:36:03',NULL,330,'0',334,21,24,NULL,'enable'),(NULL,0,'2019-08-25 13:36:03',NULL,331,'0',315,44,21,NULL,'Intel Xeon Silver 4114 Processor'),(NULL,0,'2019-08-25 13:36:03',NULL,332,'0',339,34,22,NULL,'2'),(NULL,0,'2019-08-25 13:36:03',NULL,333,'0',337,32,28,NULL,'prod'),(NULL,0,'2019-08-25 13:36:03',NULL,334,'0',336,36,22,NULL,'2'),(NULL,0,'2019-08-25 13:36:03',NULL,335,'0',333,49,21,NULL,'Intel Xeon Silver 4114 Processor'),(NULL,0,'2019-08-25 13:36:03',NULL,336,'0',342,51,21,NULL,'Intel Xeon Silver 4114 Processor'),(NULL,0,'2019-08-25 13:36:03',NULL,337,'0',343,43,22,NULL,'2'),(NULL,0,'2019-08-25 13:36:03',NULL,338,'0',340,23,24,NULL,'enable'),(NULL,0,'2019-08-25 13:36:03',NULL,339,'0',347,22,16,NULL,'cmdb21'),(NULL,0,'2019-08-25 13:36:03',NULL,340,'0',344,40,22,NULL,'2'),(NULL,0,'2019-08-25 13:36:03',NULL,341,'0',348,47,21,NULL,'Intel Xeon Silver 4114 Processor'),(NULL,0,'2019-08-25 13:36:03',NULL,342,'0',351,24,16,NULL,'cmdb23'),(NULL,0,'2019-08-25 13:36:03',NULL,343,'0',349,50,22,NULL,'2'),(NULL,0,'2019-08-25 13:36:03',NULL,344,'0',353,30,22,NULL,'2'),(NULL,0,'2019-08-25 13:36:03',NULL,345,'0',352,31,28,NULL,'prod'),(NULL,0,'2019-08-25 13:36:03',NULL,346,'0',328,29,22,NULL,'2'),(NULL,0,'2019-08-25 13:36:03',NULL,347,'0',338,37,22,NULL,'2'),(NULL,0,'2019-08-25 13:36:03',NULL,348,'0',354,26,28,NULL,'prod'),(NULL,0,'2019-08-25 13:36:03',NULL,349,'0',335,48,22,NULL,'2'),(NULL,0,'2019-08-25 13:36:03',NULL,350,'0',346,38,22,NULL,'2'),(NULL,0,'2019-08-25 13:36:03',NULL,351,'0',341,42,22,NULL,'2'),(NULL,0,'2019-08-25 13:36:03',NULL,352,'0',345,20,20,NULL,'3.10.0-862.9.1.el7.x86_64'),(NULL,0,'2019-08-25 13:36:04',NULL,353,'0',357,27,28,NULL,'prod'),(NULL,0,'2019-08-25 13:36:04',NULL,354,'0',350,41,22,NULL,'2'),(NULL,0,'2019-08-25 13:36:04',NULL,355,'0',331,33,22,NULL,'2'),(NULL,0,'2019-08-25 13:36:04',NULL,356,'0',359,46,22,NULL,'2'),(NULL,0,'2019-08-25 13:36:04',NULL,357,'0',355,44,22,NULL,'2'),(NULL,0,'2019-08-25 13:36:04',NULL,358,'0',358,32,16,NULL,'cmdb31'),(NULL,0,'2019-08-25 13:36:04',NULL,359,'0',361,36,28,NULL,'prod'),(NULL,0,'2019-08-25 13:36:04',NULL,360,'0',360,21,29,NULL,'南汇'),(NULL,0,'2019-08-25 13:36:04',NULL,361,'0',356,25,16,NULL,'cmdb26'),(NULL,0,'2019-08-25 13:36:04',NULL,362,'0',362,49,22,NULL,'2'),(NULL,0,'2019-08-25 13:36:04',NULL,363,'0',366,43,28,NULL,'prod'),(NULL,0,'2019-08-25 13:36:04',NULL,364,'0',367,45,28,NULL,'prod'),(NULL,0,'2019-08-25 13:36:04',NULL,365,'0',364,35,28,NULL,'prod'),(NULL,0,'2019-08-25 13:36:04',NULL,366,'0',363,22,24,NULL,'enable'),(NULL,0,'2019-08-25 13:36:04',NULL,367,'0',365,51,22,NULL,'2'),(NULL,0,'2019-08-25 13:36:04',NULL,368,'0',372,50,28,NULL,'prod'),(NULL,0,'2019-08-25 13:36:04',NULL,369,'0',375,27,16,NULL,'cmdb27'),(NULL,0,'2019-08-25 13:36:04',NULL,370,'0',376,42,28,NULL,'prod'),(NULL,0,'2019-08-25 13:36:04',NULL,371,'0',373,39,28,NULL,'prod'),(NULL,0,'2019-08-25 13:36:04',NULL,372,'0',369,28,28,NULL,'prod'),(NULL,0,'2019-08-25 13:36:04',NULL,373,'0',368,30,28,NULL,'prod'),(NULL,0,'2019-08-25 13:36:04',NULL,374,'0',378,20,23,NULL,'40'),(NULL,0,'2019-08-25 13:36:04',NULL,375,'0',371,23,29,NULL,'南汇'),(NULL,0,'2019-08-25 13:36:04',NULL,376,'0',379,29,28,NULL,'prod'),(NULL,0,'2019-08-25 13:36:04',NULL,377,'0',377,26,16,NULL,'cmdb28'),(NULL,0,'2019-08-25 13:36:04',NULL,378,'0',381,48,28,NULL,'prod'),(NULL,0,'2019-08-25 13:36:04',NULL,379,'0',382,33,28,NULL,'prod'),(NULL,0,'2019-08-25 13:36:04',NULL,380,'0',380,37,28,NULL,'prod'),(NULL,0,'2019-08-25 13:36:04',NULL,381,'0',383,46,28,NULL,'prod'),(NULL,0,'2019-08-25 13:36:04',NULL,382,'0',374,24,24,NULL,'enable'),(NULL,0,'2019-08-25 13:36:04',NULL,383,'0',386,47,22,NULL,'2'),(NULL,0,'2019-08-25 13:36:04',NULL,384,'0',385,36,16,NULL,'cmdb36'),(NULL,0,'2019-08-25 13:36:04',NULL,385,'0',388,34,28,NULL,'prod'),(NULL,0,'2019-08-25 13:36:04',NULL,386,'0',396,51,28,NULL,'prod'),(NULL,0,'2019-08-25 13:36:04',NULL,387,'0',387,22,29,NULL,'南汇'),(NULL,0,'2019-08-25 13:36:04',NULL,388,'0',392,32,24,NULL,'enable'),(NULL,0,'2019-08-25 13:36:04',NULL,389,'0',391,45,16,NULL,'cmdb46'),(NULL,0,'2019-08-25 13:36:04',NULL,390,'0',384,35,16,NULL,'cmdb32'),(NULL,0,'2019-08-25 13:36:04',NULL,391,'0',399,39,16,NULL,'cmdb41'),(NULL,0,'2019-08-25 13:36:04',NULL,392,'0',370,40,28,NULL,'prod'),(NULL,0,'2019-08-25 13:36:04',NULL,393,'0',398,30,16,NULL,'cmdb33'),(NULL,0,'2019-08-25 13:36:04',NULL,394,'0',395,41,28,NULL,'prod'),(NULL,0,'2019-08-25 13:36:04',NULL,395,'0',393,31,16,NULL,'cmdb29'),(NULL,0,'2019-08-25 13:36:04',NULL,396,'0',400,50,16,NULL,'cmdb50'),(NULL,0,'2019-08-25 13:36:04',NULL,397,'0',401,49,28,NULL,'prod'),(NULL,0,'2019-08-25 13:36:04',NULL,398,'0',397,25,24,NULL,'enable'),(NULL,0,'2019-08-25 13:36:04',NULL,399,'0',403,42,16,NULL,'cmdb42'),(NULL,0,'2019-08-25 13:36:04',NULL,400,'0',404,20,11,NULL,'pycook'),(NULL,0,'2019-08-25 13:36:04',NULL,401,'0',390,44,28,NULL,'prod'),(NULL,0,'2019-08-25 13:36:04',NULL,402,'0',406,46,16,NULL,'cmdb43'),(NULL,0,'2019-08-25 13:36:05',NULL,403,'0',407,23,20,NULL,'3.10.0-862.9.1.el7.x86_64'),(NULL,0,'2019-08-25 13:36:05',NULL,404,'0',409,33,16,NULL,'cmdb34'),(NULL,0,'2019-08-25 13:36:05',NULL,405,'0',394,43,16,NULL,'cmdb35'),(NULL,0,'2019-08-25 13:36:05',NULL,406,'0',408,26,24,NULL,'enable'),(NULL,0,'2019-08-25 13:36:05',NULL,407,'0',405,27,24,NULL,'enable'),(NULL,0,'2019-08-25 13:36:05',NULL,408,'0',402,38,28,NULL,'prod'),(NULL,0,'2019-08-25 13:36:05',NULL,409,'0',412,48,16,NULL,'cmdb38'),(NULL,0,'2019-08-25 13:36:05',NULL,410,'0',411,37,16,NULL,'cmdb37'),(NULL,0,'2019-08-25 13:36:05',NULL,411,'0',413,28,16,NULL,'cmdb24'),(NULL,0,'2019-08-25 13:36:05',NULL,412,'0',389,21,20,NULL,'3.10.0-862.9.1.el7.x86_64'),(NULL,0,'2019-08-25 13:36:05',NULL,413,'0',410,34,16,NULL,'cmdb30'),(NULL,0,'2019-08-25 13:36:05',NULL,414,'0',414,32,29,NULL,'南汇'),(NULL,0,'2019-08-25 13:36:05',NULL,415,'0',415,39,24,NULL,'enable'),(NULL,0,'2019-08-25 13:36:05',NULL,416,'0',421,35,24,NULL,'enable'),(NULL,0,'2019-08-25 13:36:05',NULL,417,'0',417,47,28,NULL,'prod'),(NULL,0,'2019-08-25 13:36:05',NULL,418,'0',416,30,24,NULL,'enable'),(NULL,0,'2019-08-25 13:36:05',NULL,419,'0',418,29,16,NULL,'cmdb25'),(NULL,0,'2019-08-25 13:36:05',NULL,420,'0',420,24,29,NULL,'南汇'),(NULL,0,'2019-08-25 13:36:05',NULL,421,'0',419,50,24,NULL,'enable'),(NULL,0,'2019-08-25 13:36:05',NULL,422,'0',426,25,29,NULL,'南汇'),(NULL,0,'2019-08-25 13:36:05',NULL,423,'0',423,20,19,NULL,'CentOS Linux release 7.5.1804 (Core)'),(NULL,0,'2019-08-25 13:36:05',NULL,424,'0',431,43,24,NULL,'enable'),(NULL,0,'2019-08-25 13:36:05',NULL,425,'0',427,31,24,NULL,'enable'),(NULL,0,'2019-08-25 13:36:05',NULL,426,'0',429,41,16,NULL,'cmdb40'),(NULL,0,'2019-08-25 13:36:05',NULL,427,'0',424,36,24,NULL,'enable'),(NULL,0,'2019-08-25 13:36:05',NULL,428,'0',433,46,24,NULL,'enable'),(NULL,0,'2019-08-25 13:36:05',NULL,429,'0',422,22,20,NULL,'3.10.0-862.9.1.el7.x86_64'),(NULL,0,'2019-08-25 13:36:05',NULL,430,'0',432,42,24,NULL,'enable'),(NULL,0,'2019-08-25 13:36:05',NULL,431,'0',434,37,24,NULL,'enable'),(NULL,0,'2019-08-25 13:36:05',NULL,432,'0',428,49,16,NULL,'cmdb47'),(NULL,0,'2019-08-25 13:36:05',NULL,433,'0',440,48,24,NULL,'enable'),(NULL,0,'2019-08-25 13:36:05',NULL,434,'0',436,27,29,NULL,'南汇'),(NULL,0,'2019-08-25 13:36:05',NULL,435,'0',443,47,16,NULL,'cmdb48'),(NULL,0,'2019-08-25 13:36:05',NULL,436,'0',438,28,24,NULL,'enable'),(NULL,0,'2019-08-25 13:36:05',NULL,437,'0',437,26,29,NULL,'南汇'),(NULL,0,'2019-08-25 13:36:05',NULL,438,'0',441,44,16,NULL,'cmdb45'),(NULL,0,'2019-08-25 13:36:05',NULL,439,'0',439,45,24,NULL,'enable'),(NULL,0,'2019-08-25 13:36:05',NULL,440,'0',435,33,24,NULL,'enable'),(NULL,0,'2019-08-25 13:36:05',NULL,441,'0',442,32,20,NULL,'3.10.0-862.9.1.el7.x86_64'),(NULL,0,'2019-08-25 13:36:05',NULL,442,'0',444,29,24,NULL,'enable'),(NULL,0,'2019-08-25 13:36:05',NULL,443,'0',448,40,16,NULL,'cmdb44'),(NULL,0,'2019-08-25 13:36:05',NULL,444,'0',451,20,15,NULL,'192.168.100.20'),(NULL,0,'2019-08-25 13:36:05',NULL,445,'0',446,50,29,NULL,'南汇'),(NULL,0,'2019-08-25 13:36:05',NULL,446,'0',453,46,29,NULL,'南汇'),(NULL,0,'2019-08-25 13:36:05',NULL,447,'0',450,38,16,NULL,'cmdb39'),(NULL,0,'2019-08-25 13:36:05',NULL,448,'0',445,21,23,NULL,'40'),(NULL,0,'2019-08-25 13:36:05',NULL,449,'0',425,51,16,NULL,'cmdb49'),(NULL,0,'2019-08-25 13:36:05',NULL,450,'0',449,35,29,NULL,'南汇'),(NULL,0,'2019-08-25 13:36:05',NULL,451,'0',454,39,29,NULL,'南汇'),(NULL,0,'2019-08-25 13:36:05',NULL,452,'0',457,36,29,NULL,'南汇'),(NULL,0,'2019-08-25 13:36:05',NULL,453,'0',459,43,29,NULL,'南汇'),(NULL,0,'2019-08-25 13:36:05',NULL,454,'0',447,30,29,NULL,'南汇'),(NULL,0,'2019-08-25 13:36:05',NULL,455,'0',462,31,29,NULL,'南汇'),(NULL,0,'2019-08-25 13:36:05',NULL,456,'0',430,23,23,NULL,'40'),(NULL,0,'2019-08-25 13:36:05',NULL,457,'0',463,22,23,NULL,'40'),(NULL,0,'2019-08-25 13:36:06',NULL,458,'0',465,28,29,NULL,'南汇'),(NULL,0,'2019-08-25 13:36:06',NULL,459,'0',461,41,24,NULL,'enable'),(NULL,0,'2019-08-25 13:36:06',NULL,460,'0',460,24,20,NULL,'3.10.0-862.9.1.el7.x86_64'),(NULL,0,'2019-08-25 13:36:06',NULL,461,'0',455,25,20,NULL,'3.10.0-862.9.1.el7.x86_64'),(NULL,0,'2019-08-25 13:36:06',NULL,462,'0',467,27,20,NULL,'3.10.0-862.9.1.el7.x86_64'),(NULL,0,'2019-08-25 13:36:06',NULL,463,'0',456,37,29,NULL,'南汇'),(NULL,0,'2019-08-25 13:36:06',NULL,464,'0',469,47,24,NULL,'enable'),(NULL,0,'2019-08-25 13:36:06',NULL,465,'0',452,34,24,NULL,'enable'),(NULL,0,'2019-08-25 13:36:06',NULL,466,'0',470,40,24,NULL,'enable'),(NULL,0,'2019-08-25 13:36:06',NULL,467,'0',471,44,24,NULL,'enable'),(NULL,0,'2019-08-25 13:36:06',NULL,468,'0',464,26,20,NULL,'3.10.0-862.9.1.el7.x86_64'),(NULL,0,'2019-08-25 13:36:06',NULL,469,'0',472,20,25,NULL,'3.273TB/RAID5'),(NULL,0,'2019-08-25 13:36:06',NULL,470,'0',468,45,29,NULL,'南汇'),(NULL,0,'2019-08-25 13:36:06',NULL,471,'0',458,49,24,NULL,'enable'),(NULL,0,'2019-08-25 13:36:06',NULL,472,'0',474,29,29,NULL,'南汇'),(NULL,0,'2019-08-25 13:36:06',NULL,473,'0',466,48,29,NULL,'南汇'),(NULL,0,'2019-08-25 13:36:06',NULL,474,'0',475,42,29,NULL,'南汇'),(NULL,0,'2019-08-25 13:36:06',NULL,475,'0',473,33,29,NULL,'南汇'),(NULL,0,'2019-08-25 13:36:06',NULL,476,'0',477,39,20,NULL,'3.10.0-862.9.1.el7.x86_64'),(NULL,0,'2019-08-25 13:36:06',NULL,477,'0',476,32,23,NULL,'40'),(NULL,0,'2019-08-25 13:36:06',NULL,478,'0',481,51,24,NULL,'enable'),(NULL,0,'2019-08-25 13:36:06',NULL,479,'0',479,35,20,NULL,'3.10.0-862.9.1.el7.x86_64'),(NULL,0,'2019-08-25 13:36:06',NULL,480,'0',483,24,23,NULL,'40'),(NULL,0,'2019-08-25 13:36:06',NULL,481,'0',485,27,23,NULL,'40'),(NULL,0,'2019-08-25 13:36:06',NULL,482,'0',482,50,20,NULL,'3.10.0-862.9.1.el7.x86_64'),(NULL,0,'2019-08-25 13:36:06',NULL,483,'0',484,46,20,NULL,'3.10.0-862.9.1.el7.x86_64'),(NULL,0,'2019-08-25 13:36:06',NULL,484,'0',480,31,20,NULL,'3.10.0-862.9.1.el7.x86_64'),(NULL,0,'2019-08-25 13:36:06',NULL,485,'0',488,40,29,NULL,'南汇'),(NULL,0,'2019-08-25 13:36:06',NULL,486,'0',487,23,11,NULL,'pycook'),(NULL,0,'2019-08-25 13:36:06',NULL,487,'0',490,30,20,NULL,'3.10.0-862.9.1.el7.x86_64'),(NULL,0,'2019-08-25 13:36:06',NULL,488,'0',478,38,24,NULL,'enable'),(NULL,0,'2019-08-25 13:36:06',NULL,489,'0',493,26,23,NULL,'40'),(NULL,0,'2019-08-25 13:36:06',NULL,490,'0',486,43,20,NULL,'3.10.0-862.9.1.el7.x86_64'),(NULL,0,'2019-08-25 13:36:06',NULL,491,'0',491,22,11,NULL,'pycook'),(NULL,0,'2019-08-25 13:36:06',NULL,492,'0',496,20,30,NULL,'64GB'),(NULL,0,'2019-08-25 13:36:06',NULL,493,'0',489,41,29,NULL,'南汇'),(NULL,0,'2019-08-25 13:36:06',NULL,494,'0',499,29,20,NULL,'3.10.0-862.9.1.el7.x86_64'),(NULL,0,'2019-08-25 13:36:06',NULL,495,'0',501,47,29,NULL,'南汇'),(NULL,0,'2019-08-25 13:36:06',NULL,496,'0',494,21,11,NULL,'pycook'),(NULL,0,'2019-08-25 13:36:06',NULL,497,'0',500,39,23,NULL,'40'),(NULL,0,'2019-08-25 13:36:06',NULL,498,'0',498,42,20,NULL,'3.10.0-862.9.1.el7.x86_64'),(NULL,0,'2019-08-25 13:36:06',NULL,499,'0',502,37,20,NULL,'3.10.0-862.9.1.el7.x86_64'),(NULL,0,'2019-08-25 13:36:06',NULL,500,'0',495,49,29,NULL,'南汇'),(NULL,0,'2019-08-25 13:36:06',NULL,501,'0',503,28,20,NULL,'3.10.0-862.9.1.el7.x86_64'),(NULL,0,'2019-08-25 13:36:06',NULL,502,'0',504,51,29,NULL,'南汇'),(NULL,0,'2019-08-25 13:36:06',NULL,503,'0',507,25,23,NULL,'40'),(NULL,0,'2019-08-25 13:36:06',NULL,504,'0',508,48,20,NULL,'3.10.0-862.9.1.el7.x86_64'),(NULL,0,'2019-08-25 13:36:06',NULL,505,'0',512,45,20,NULL,'3.10.0-862.9.1.el7.x86_64'),(NULL,0,'2019-08-25 13:36:06',NULL,506,'0',497,44,29,NULL,'南汇'),(NULL,0,'2019-08-25 13:36:06',NULL,507,'0',510,24,11,NULL,'pycook'),(NULL,0,'2019-08-25 13:36:06',NULL,508,'0',506,32,11,NULL,'pycook'),(NULL,0,'2019-08-25 13:36:06',NULL,509,'0',513,33,20,NULL,'3.10.0-862.9.1.el7.x86_64'),(NULL,0,'2019-08-25 13:36:06',NULL,510,'0',515,30,23,NULL,'40'),(NULL,0,'2019-08-25 13:36:07',NULL,511,'0',492,36,20,NULL,'3.10.0-862.9.1.el7.x86_64'),(NULL,0,'2019-08-25 13:36:07',NULL,512,'0',514,27,11,NULL,'pycook'),(NULL,0,'2019-08-25 13:36:07',NULL,513,'0',511,38,29,NULL,'南汇'),(NULL,0,'2019-08-25 13:36:07',NULL,514,'0',517,50,23,NULL,'40'),(NULL,0,'2019-08-25 13:36:07',NULL,515,'0',505,34,29,NULL,'南汇'),(NULL,0,'2019-08-25 13:36:07',NULL,516,'0',516,40,20,NULL,'3.10.0-862.9.1.el7.x86_64'),(NULL,0,'2019-08-25 13:36:07',NULL,517,'0',522,29,23,NULL,'40'),(NULL,0,'2019-08-25 13:36:07',NULL,518,'0',518,43,23,NULL,'40'),(NULL,0,'2019-08-25 13:36:07',NULL,519,'0',525,42,23,NULL,'40'),(NULL,0,'2019-08-25 13:36:07',NULL,520,'0',521,23,19,NULL,'CentOS Linux release 7.5.1804 (Core)'),(NULL,0,'2019-08-25 13:36:07',NULL,521,'0',520,21,19,NULL,'CentOS Linux release 7.5.1804 (Core)'),(NULL,0,'2019-08-25 13:36:07',NULL,522,'0',526,20,5,NULL,'JXCTGQ20'),(NULL,0,'2019-08-25 13:36:07',NULL,523,'0',527,48,23,NULL,'40'),(NULL,0,'2019-08-25 13:36:07',NULL,524,'0',523,22,19,NULL,'CentOS Linux release 7.5.1804 (Core)'),(NULL,0,'2019-08-25 13:36:07',NULL,525,'0',509,35,23,NULL,'40'),(NULL,0,'2019-08-25 13:36:07',NULL,526,'0',524,47,20,NULL,'3.10.0-862.9.1.el7.x86_64'),(NULL,0,'2019-08-25 13:36:07',NULL,527,'0',529,46,23,NULL,'40'),(NULL,0,'2019-08-25 13:36:07',NULL,528,'0',531,37,23,NULL,'40'),(NULL,0,'2019-08-25 13:36:07',NULL,529,'0',533,26,11,NULL,'pycook'),(NULL,0,'2019-08-25 13:36:07',NULL,530,'0',532,32,19,NULL,'CentOS Linux release 7.5.1804 (Core)'),(NULL,0,'2019-08-25 13:36:07',NULL,531,'0',528,28,23,NULL,'40'),(NULL,0,'2019-08-25 13:36:07',NULL,532,'0',535,33,23,NULL,'40'),(NULL,0,'2019-08-25 13:36:07',NULL,533,'0',530,39,11,NULL,'pycook'),(NULL,0,'2019-08-25 13:36:07',NULL,534,'0',534,25,11,NULL,'pycook'),(NULL,0,'2019-08-25 13:36:07',NULL,535,'0',538,34,20,NULL,'3.10.0-862.9.1.el7.x86_64'),(NULL,0,'2019-08-25 13:36:07',NULL,536,'0',519,31,23,NULL,'40'),(NULL,0,'2019-08-25 13:36:07',NULL,537,'0',537,45,23,NULL,'40'),(NULL,0,'2019-08-25 13:36:07',NULL,538,'0',542,41,20,NULL,'3.10.0-862.9.1.el7.x86_64'),(NULL,0,'2019-08-25 13:36:07',NULL,539,'0',544,42,11,NULL,'pycook'),(NULL,0,'2019-08-25 13:36:07',NULL,540,'0',539,44,20,NULL,'3.10.0-862.9.1.el7.x86_64'),(NULL,0,'2019-08-25 13:36:07',NULL,541,'0',549,50,11,NULL,'pycook'),(NULL,0,'2019-08-25 13:36:07',NULL,542,'0',543,36,23,NULL,'40'),(NULL,0,'2019-08-25 13:36:07',NULL,543,'0',536,51,20,NULL,'3.10.0-862.9.1.el7.x86_64'),(NULL,0,'2019-08-25 13:36:07',NULL,544,'0',545,20,17,NULL,'在线'),(NULL,0,'2019-08-25 13:36:07',NULL,545,'0',547,23,15,NULL,'192.168.100.23'),(NULL,0,'2019-08-25 13:36:07',NULL,546,'0',550,29,11,NULL,'pycook'),(NULL,0,'2019-08-25 13:36:07',NULL,547,'0',546,27,19,NULL,'CentOS Linux release 7.5.1804 (Core)'),(NULL,0,'2019-08-25 13:36:07',NULL,548,'0',551,49,20,NULL,'3.10.0-862.9.1.el7.x86_64'),(NULL,0,'2019-08-25 13:36:07',NULL,549,'0',552,46,11,NULL,'pycook'),(NULL,0,'2019-08-25 13:36:07',NULL,550,'0',548,38,20,NULL,'3.10.0-862.9.1.el7.x86_64'),(NULL,0,'2019-08-25 13:36:07',NULL,551,'0',541,24,19,NULL,'CentOS Linux release 7.5.1804 (Core)'),(NULL,0,'2019-08-25 13:36:07',NULL,552,'0',553,47,23,NULL,'40'),(NULL,0,'2019-08-25 13:36:07',NULL,553,'0',556,22,15,NULL,'192.168.100.22'),(NULL,0,'2019-08-25 13:36:07',NULL,554,'0',540,30,11,NULL,'pycook'),(NULL,0,'2019-08-25 13:36:07',NULL,555,'0',559,39,19,NULL,'CentOS Linux release 7.5.1804 (Core)'),(NULL,0,'2019-08-25 13:36:07',NULL,556,'0',565,31,11,NULL,'pycook'),(NULL,0,'2019-08-25 13:36:07',NULL,557,'0',557,32,15,NULL,'192.168.100.32'),(NULL,0,'2019-08-25 13:36:07',NULL,558,'0',562,34,23,NULL,'40'),(NULL,0,'2019-08-25 13:36:07',NULL,559,'0',560,44,23,NULL,'40'),(NULL,0,'2019-08-25 13:36:07',NULL,560,'0',555,40,23,NULL,'40'),(NULL,0,'2019-08-25 13:36:07',NULL,561,'0',563,50,19,NULL,'CentOS Linux release 7.5.1804 (Core)'),(NULL,0,'2019-08-25 13:36:07',NULL,562,'0',566,33,11,NULL,'pycook'),(NULL,0,'2019-08-25 13:36:07',NULL,563,'0',567,41,23,NULL,'40'),(NULL,0,'2019-08-25 13:36:07',NULL,564,'0',554,37,11,NULL,'pycook'),(NULL,0,'2019-08-25 13:36:07',NULL,565,'0',569,42,19,NULL,'CentOS Linux release 7.5.1804 (Core)'),(NULL,0,'2019-08-25 13:36:08',NULL,566,'0',570,36,11,NULL,'pycook'),(NULL,0,'2019-08-25 13:36:08',NULL,567,'0',572,21,15,NULL,'192.168.100.21'),(NULL,0,'2019-08-25 13:36:08',NULL,568,'0',573,35,11,NULL,'pycook'),(NULL,0,'2019-08-25 13:36:08',NULL,569,'0',574,49,23,NULL,'40'),(NULL,0,'2019-08-25 13:36:08',NULL,570,'0',568,28,11,NULL,'pycook'),(NULL,0,'2019-08-25 13:36:08',NULL,571,'0',578,23,25,NULL,'3.273TB/RAID5'),(NULL,0,'2019-08-25 13:36:08',NULL,572,'0',564,25,19,NULL,'CentOS Linux release 7.5.1804 (Core)'),(NULL,0,'2019-08-25 13:36:08',NULL,573,'0',576,27,15,NULL,'192.168.100.28'),(NULL,0,'2019-08-25 13:36:08',NULL,574,'0',561,26,19,NULL,'CentOS Linux release 7.5.1804 (Core)'),(NULL,0,'2019-08-25 13:36:08',NULL,575,'0',579,22,25,NULL,'3.273TB/RAID5'),(NULL,0,'2019-08-25 13:36:08',NULL,576,'0',577,24,15,NULL,'192.168.100.24'),(NULL,0,'2019-08-25 13:36:08',NULL,577,'0',558,43,11,NULL,'pycook'),(NULL,0,'2019-08-25 13:36:08',NULL,578,'0',581,38,23,NULL,'40'),(NULL,0,'2019-08-25 13:36:08',NULL,579,'0',575,29,19,NULL,'CentOS Linux release 7.5.1804 (Core)'),(NULL,0,'2019-08-25 13:36:08',NULL,580,'0',583,39,15,NULL,'192.168.100.42'),(NULL,0,'2019-08-25 13:36:08',NULL,581,'0',582,45,11,NULL,'pycook'),(NULL,0,'2019-08-25 13:36:08',NULL,582,'0',571,48,11,NULL,'pycook'),(NULL,0,'2019-08-25 13:36:08',NULL,583,'0',589,46,19,NULL,'CentOS Linux release 7.5.1804 (Core)'),(NULL,0,'2019-08-25 13:36:08',NULL,584,'0',580,30,19,NULL,'CentOS Linux release 7.5.1804 (Core)'),(NULL,0,'2019-08-25 13:36:08',NULL,585,'0',588,31,19,NULL,'CentOS Linux release 7.5.1804 (Core)'),(NULL,0,'2019-08-25 13:36:08',NULL,586,'0',587,47,11,NULL,'pycook'),(NULL,0,'2019-08-25 13:36:08',NULL,587,'0',585,51,23,NULL,'40'),(NULL,0,'2019-08-25 13:36:08',NULL,588,'0',590,50,15,NULL,'192.168.100.51'),(NULL,0,'2019-08-25 13:36:08',NULL,589,'0',584,42,15,NULL,'192.168.100.43'),(NULL,0,'2019-08-25 13:36:08',NULL,590,'0',591,40,11,NULL,'pycook'),(NULL,0,'2019-08-25 13:36:08',NULL,591,'0',586,32,25,NULL,'3.273TB/RAID5'),(NULL,0,'2019-08-25 13:36:08',NULL,592,'0',594,44,11,NULL,'pycook'),(NULL,0,'2019-08-25 13:36:08',NULL,593,'0',600,23,30,NULL,'64GB'),(NULL,0,'2019-08-25 13:36:08',NULL,594,'0',597,33,19,NULL,'CentOS Linux release 7.5.1804 (Core)'),(NULL,0,'2019-08-25 13:36:08',NULL,595,'0',603,38,11,NULL,'pycook'),(NULL,0,'2019-08-25 13:36:08',NULL,596,'0',599,43,19,NULL,'CentOS Linux release 7.5.1804 (Core)'),(NULL,0,'2019-08-25 13:36:08',NULL,597,'0',604,22,30,NULL,'64GB'),(NULL,0,'2019-08-25 13:36:08',NULL,598,'0',595,35,19,NULL,'CentOS Linux release 7.5.1804 (Core)'),(NULL,0,'2019-08-25 13:36:08',NULL,599,'0',592,41,11,NULL,'pycook'),(NULL,0,'2019-08-25 13:36:08',NULL,600,'0',602,28,19,NULL,'CentOS Linux release 7.5.1804 (Core)'),(NULL,0,'2019-08-25 13:36:08',NULL,601,'0',601,27,25,NULL,'3.273TB/RAID5'),(NULL,0,'2019-08-25 13:36:08',NULL,602,'0',606,49,11,NULL,'pycook'),(NULL,0,'2019-08-25 13:36:08',NULL,603,'0',593,37,19,NULL,'CentOS Linux release 7.5.1804 (Core)'),(NULL,0,'2019-08-25 13:36:08',NULL,604,'0',598,26,15,NULL,'192.168.100.29'),(NULL,0,'2019-08-25 13:36:08',NULL,605,'0',605,24,25,NULL,'3.273TB/RAID5'),(NULL,0,'2019-08-25 13:36:08',NULL,606,'0',608,25,15,NULL,'192.168.100.27'),(NULL,0,'2019-08-25 13:36:08',NULL,607,'0',611,47,19,NULL,'CentOS Linux release 7.5.1804 (Core)'),(NULL,0,'2019-08-25 13:36:08',NULL,608,'0',613,31,15,NULL,'192.168.100.30'),(NULL,0,'2019-08-25 13:36:08',NULL,609,'0',612,30,15,NULL,'192.168.100.34'),(NULL,0,'2019-08-25 13:36:08',NULL,610,'0',614,45,19,NULL,'CentOS Linux release 7.5.1804 (Core)'),(NULL,0,'2019-08-25 13:36:08',NULL,611,'0',610,48,19,NULL,'CentOS Linux release 7.5.1804 (Core)'),(NULL,0,'2019-08-25 13:36:08',NULL,612,'0',609,51,11,NULL,'pycook'),(NULL,0,'2019-08-25 13:36:08',NULL,613,'0',615,34,11,NULL,'pycook'),(NULL,0,'2019-08-25 13:36:08',NULL,614,'0',596,21,25,NULL,'3.273TB/RAID5'),(NULL,0,'2019-08-25 13:36:08',NULL,615,'0',616,29,15,NULL,'192.168.100.26'),(NULL,0,'2019-08-25 13:36:08',NULL,616,'0',607,36,19,NULL,'CentOS Linux release 7.5.1804 (Core)'),(NULL,0,'2019-08-25 13:36:08',NULL,617,'0',618,46,15,NULL,'192.168.100.44'),(NULL,0,'2019-08-25 13:36:08',NULL,618,'0',617,42,25,NULL,'3.273TB/RAID5'),(NULL,0,'2019-08-25 13:36:08',NULL,619,'0',620,44,19,NULL,'CentOS Linux release 7.5.1804 (Core)'),(NULL,0,'2019-08-25 13:36:08',NULL,620,'0',621,32,30,NULL,'64GB'),(NULL,0,'2019-08-25 13:36:09',NULL,621,'0',629,49,19,NULL,'CentOS Linux release 7.5.1804 (Core)'),(NULL,0,'2019-08-25 13:36:09',NULL,622,'0',623,40,19,NULL,'CentOS Linux release 7.5.1804 (Core)'),(NULL,0,'2019-08-25 13:36:09',NULL,623,'0',619,50,25,NULL,'3.273TB/RAID5'),(NULL,0,'2019-08-25 13:36:09',NULL,624,'0',626,39,25,NULL,'3.273TB/RAID5'),(NULL,0,'2019-08-25 13:36:09',NULL,625,'0',625,43,15,NULL,'192.168.100.36'),(NULL,0,'2019-08-25 13:36:09',NULL,626,'0',624,28,15,NULL,'192.168.100.25'),(NULL,0,'2019-08-25 13:36:09',NULL,627,'0',622,33,15,NULL,'192.168.100.35'),(NULL,0,'2019-08-25 13:36:09',NULL,628,'0',630,23,5,NULL,'JXCTGQ23'),(NULL,0,'2019-08-25 13:36:09',NULL,629,'0',628,25,25,NULL,'3.273TB/RAID5'),(NULL,0,'2019-08-25 13:36:09',NULL,630,'0',635,35,15,NULL,'192.168.100.33'),(NULL,0,'2019-08-25 13:36:09',NULL,631,'0',636,38,19,NULL,'CentOS Linux release 7.5.1804 (Core)'),(NULL,0,'2019-08-25 13:36:09',NULL,632,'0',633,41,19,NULL,'CentOS Linux release 7.5.1804 (Core)'),(NULL,0,'2019-08-25 13:36:09',NULL,633,'0',634,26,25,NULL,'3.273TB/RAID5'),(NULL,0,'2019-08-25 13:36:09',NULL,634,'0',638,29,25,NULL,'3.273TB/RAID5'),(NULL,0,'2019-08-25 13:36:09',NULL,635,'0',627,27,30,NULL,'64GB'),(NULL,0,'2019-08-25 13:36:09',NULL,636,'0',639,34,19,NULL,'CentOS Linux release 7.5.1804 (Core)'),(NULL,0,'2019-08-25 13:36:09',NULL,637,'0',632,30,25,NULL,'3.273TB/RAID5'),(NULL,0,'2019-08-25 13:36:09',NULL,638,'0',642,21,30,NULL,'64GB'),(NULL,0,'2019-08-25 13:36:09',NULL,639,'0',641,37,15,NULL,'192.168.100.38'),(NULL,0,'2019-08-25 13:36:09',NULL,640,'0',646,42,30,NULL,'64GB'),(NULL,0,'2019-08-25 13:36:09',NULL,641,'0',631,22,5,NULL,'JXCTGQ22'),(NULL,0,'2019-08-25 13:36:09',NULL,642,'0',643,44,15,NULL,'192.168.100.46'),(NULL,0,'2019-08-25 13:36:09',NULL,643,'0',640,51,19,NULL,'CentOS Linux release 7.5.1804 (Core)'),(NULL,0,'2019-08-25 13:36:09',NULL,644,'0',649,40,15,NULL,'192.168.100.45'),(NULL,0,'2019-08-25 13:36:09',NULL,645,'0',645,46,25,NULL,'3.273TB/RAID5'),(NULL,0,'2019-08-25 13:36:09',NULL,646,'0',648,49,15,NULL,'192.168.100.48'),(NULL,0,'2019-08-25 13:36:09',NULL,647,'0',650,36,15,NULL,'192.168.100.37'),(NULL,0,'2019-08-25 13:36:09',NULL,648,'0',651,50,30,NULL,'64GB'),(NULL,0,'2019-08-25 13:36:09',NULL,649,'0',652,47,15,NULL,'192.168.100.49'),(NULL,0,'2019-08-25 13:36:09',NULL,650,'0',647,24,30,NULL,'64GB'),(NULL,0,'2019-08-25 13:36:09',NULL,651,'0',655,32,5,NULL,'JXCTGQ32'),(NULL,0,'2019-08-25 13:36:09',NULL,652,'0',656,48,15,NULL,'192.168.100.39'),(NULL,0,'2019-08-25 13:36:09',NULL,653,'0',637,31,25,NULL,'3.273TB/RAID5'),(NULL,0,'2019-08-25 13:36:09',NULL,654,'0',653,43,25,NULL,'3.273TB/RAID5'),(NULL,0,'2019-08-25 13:36:09',NULL,655,'0',654,33,25,NULL,'3.273TB/RAID5'),(NULL,0,'2019-08-25 13:36:09',NULL,656,'0',644,28,25,NULL,'3.273TB/RAID5'),(NULL,0,'2019-08-25 13:36:09',NULL,657,'0',657,39,30,NULL,'64GB'),(NULL,0,'2019-08-25 13:36:09',NULL,658,'0',660,23,17,NULL,'在线'),(NULL,0,'2019-08-25 13:36:09',NULL,659,'0',664,35,25,NULL,'3.273TB/RAID5'),(NULL,0,'2019-08-25 13:36:09',NULL,660,'0',658,26,30,NULL,'64GB'),(NULL,0,'2019-08-25 13:36:09',NULL,661,'0',667,46,30,NULL,'64GB'),(NULL,0,'2019-08-25 13:36:09',NULL,662,'0',663,42,5,NULL,'JXCTGQ43'),(NULL,0,'2019-08-25 13:36:09',NULL,663,'0',665,25,30,NULL,'64GB'),(NULL,0,'2019-08-25 13:36:09',NULL,664,'0',659,45,15,NULL,'192.168.100.47'),(NULL,0,'2019-08-25 13:36:09',NULL,665,'0',666,21,5,NULL,'JXCTGQ21'),(NULL,0,'2019-08-25 13:36:09',NULL,666,'0',662,29,30,NULL,'64GB'),(NULL,0,'2019-08-25 13:36:09',NULL,667,'0',661,41,15,NULL,'192.168.100.41'),(NULL,0,'2019-08-25 13:36:09',NULL,668,'0',668,50,5,NULL,'JXCTGQ51'),(NULL,0,'2019-08-25 13:36:09',NULL,669,'0',669,49,25,NULL,'3.273TB/RAID5'),(NULL,0,'2019-08-25 13:36:09',NULL,670,'0',672,51,15,NULL,'192.168.100.50'),(NULL,0,'2019-08-25 13:36:09',NULL,671,'0',671,27,5,NULL,'JXCTGQ28'),(NULL,0,'2019-08-25 13:36:09',NULL,672,'0',673,36,25,NULL,'3.273TB/RAID5'),(NULL,0,'2019-08-25 13:36:09',NULL,673,'0',675,24,5,NULL,'JXCTGQ24'),(NULL,0,'2019-08-25 13:36:10',NULL,674,'0',680,33,30,NULL,'64GB'),(NULL,0,'2019-08-25 13:36:10',NULL,675,'0',670,40,25,NULL,'3.273TB/RAID5'),(NULL,0,'2019-08-25 13:36:10',NULL,676,'0',674,38,15,NULL,'192.168.100.40'),(NULL,0,'2019-08-25 13:36:10',NULL,677,'0',676,37,25,NULL,'3.273TB/RAID5'),(NULL,0,'2019-08-25 13:36:10',NULL,678,'0',682,22,17,NULL,'在线'),(NULL,0,'2019-08-25 13:36:10',NULL,679,'0',679,28,30,NULL,'64GB'),(NULL,0,'2019-08-25 13:36:10',NULL,680,'0',683,34,15,NULL,'192.168.100.31'),(NULL,0,'2019-08-25 13:36:10',NULL,681,'0',678,47,25,NULL,'3.273TB/RAID5'),(NULL,0,'2019-08-25 13:36:10',NULL,682,'0',685,43,30,NULL,'64GB'),(NULL,0,'2019-08-25 13:36:10',NULL,683,'0',684,35,30,NULL,'64GB'),(NULL,0,'2019-08-25 13:36:10',NULL,684,'0',686,45,25,NULL,'3.273TB/RAID5'),(NULL,0,'2019-08-25 13:36:10',NULL,685,'0',681,48,25,NULL,'3.273TB/RAID5'),(NULL,0,'2019-08-25 13:36:10',NULL,686,'0',688,26,5,NULL,'JXCTGQ29'),(NULL,0,'2019-08-25 13:36:10',NULL,687,'0',689,25,5,NULL,'JXCTGQ27'),(NULL,0,'2019-08-25 13:36:10',NULL,688,'0',677,30,30,NULL,'64GB'),(NULL,0,'2019-08-25 13:36:10',NULL,689,'0',692,31,30,NULL,'64GB'),(NULL,0,'2019-08-25 13:36:10',NULL,690,'0',690,32,17,NULL,'在线'),(NULL,0,'2019-08-25 13:36:10',NULL,691,'0',687,44,25,NULL,'3.273TB/RAID5'),(NULL,0,'2019-08-25 13:36:10',NULL,692,'0',691,21,17,NULL,'在线'),(NULL,0,'2019-08-25 13:36:10',NULL,693,'0',694,46,5,NULL,'JXCTGQ44'),(NULL,0,'2019-08-25 13:36:10',NULL,694,'0',695,27,17,NULL,'在线'),(NULL,0,'2019-08-25 13:36:10',NULL,695,'0',693,41,25,NULL,'3.273TB/RAID5'),(NULL,0,'2019-08-25 13:36:10',NULL,696,'0',696,49,30,NULL,'64GB'),(NULL,0,'2019-08-25 13:36:10',NULL,697,'0',699,36,30,NULL,'64GB'),(NULL,0,'2019-08-25 13:36:10',NULL,698,'0',698,42,17,NULL,'在线'),(NULL,0,'2019-08-25 13:36:10',NULL,699,'0',697,51,25,NULL,'3.273TB/RAID5'),(NULL,0,'2019-08-25 13:36:10',NULL,700,'0',702,47,30,NULL,'64GB'),(NULL,0,'2019-08-25 13:36:10',NULL,701,'0',704,24,17,NULL,'在线'),(NULL,0,'2019-08-25 13:36:10',NULL,702,'0',707,45,30,NULL,'64GB'),(NULL,0,'2019-08-25 13:36:10',NULL,703,'0',700,39,5,NULL,'JXCTGQ42'),(NULL,0,'2019-08-25 13:36:10',NULL,704,'0',706,40,30,NULL,'64GB'),(NULL,0,'2019-08-25 13:36:10',NULL,705,'0',711,35,5,NULL,'JXCTGQ33'),(NULL,0,'2019-08-25 13:36:10',NULL,706,'0',712,28,5,NULL,'JXCTGQ25'),(NULL,0,'2019-08-25 13:36:10',NULL,707,'0',709,34,25,NULL,'3.273TB/RAID5'),(NULL,0,'2019-08-25 13:36:10',NULL,708,'0',708,33,5,NULL,'JXCTGQ35'),(NULL,0,'2019-08-25 13:36:10',NULL,709,'0',710,38,25,NULL,'3.273TB/RAID5'),(NULL,0,'2019-08-25 13:36:10',NULL,710,'0',703,29,5,NULL,'JXCTGQ26'),(NULL,0,'2019-08-25 13:36:10',NULL,711,'0',705,37,30,NULL,'64GB'),(NULL,0,'2019-08-25 13:36:10',NULL,712,'0',716,43,5,NULL,'JXCTGQ36'),(NULL,0,'2019-08-25 13:36:10',NULL,713,'0',715,26,17,NULL,'在线'),(NULL,0,'2019-08-25 13:36:10',NULL,714,'0',701,50,17,NULL,'在线'),(NULL,0,'2019-08-25 13:36:10',NULL,715,'0',713,30,5,NULL,'JXCTGQ34'),(NULL,0,'2019-08-25 13:36:10',NULL,716,'0',717,36,5,NULL,'JXCTGQ37'),(NULL,0,'2019-08-25 13:36:11',NULL,717,'0',714,48,30,NULL,'64GB'),(NULL,0,'2019-08-25 13:36:11',NULL,718,'0',719,49,5,NULL,'JXCTGQ48'),(NULL,0,'2019-08-25 13:36:11',NULL,719,'0',720,51,30,NULL,'64GB'),(NULL,0,'2019-08-25 13:36:11',NULL,720,'0',718,44,30,NULL,'64GB'),(NULL,0,'2019-08-25 13:36:11',NULL,721,'0',721,46,17,NULL,'在线'),(NULL,0,'2019-08-25 13:36:11',NULL,722,'0',728,45,5,NULL,'JXCTGQ47'),(NULL,0,'2019-08-25 13:36:11',NULL,723,'0',724,47,5,NULL,'JXCTGQ49'),(NULL,0,'2019-08-25 13:36:11',NULL,724,'0',727,31,5,NULL,'JXCTGQ30'),(NULL,0,'2019-08-25 13:36:11',NULL,725,'0',725,34,30,NULL,'64GB'),(NULL,0,'2019-08-25 13:36:11',NULL,726,'0',722,41,30,NULL,'64GB'),(NULL,0,'2019-08-25 13:36:11',NULL,727,'0',723,25,17,NULL,'在线'),(NULL,0,'2019-08-25 13:36:11',NULL,728,'0',729,39,17,NULL,'在线'),(NULL,0,'2019-08-25 13:36:11',NULL,729,'0',731,29,17,NULL,'在线'),(NULL,0,'2019-08-25 13:36:11',NULL,730,'0',726,38,30,NULL,'64GB'),(NULL,0,'2019-08-25 13:36:11',NULL,731,'0',730,43,17,NULL,'在线'),(NULL,0,'2019-08-25 13:36:11',NULL,732,'0',732,35,17,NULL,'在线'),(NULL,0,'2019-08-25 13:36:11',NULL,733,'0',734,28,17,NULL,'在线'),(NULL,0,'2019-08-25 13:36:11',NULL,734,'0',735,30,17,NULL,'在线'),(NULL,0,'2019-08-25 13:36:11',NULL,735,'0',733,37,5,NULL,'JXCTGQ38'),(NULL,0,'2019-08-25 13:36:11',NULL,736,'0',737,40,5,NULL,'JXCTGQ45'),(NULL,0,'2019-08-25 13:36:11',NULL,737,'0',736,48,5,NULL,'JXCTGQ39'),(NULL,0,'2019-08-25 13:36:11',NULL,738,'0',739,51,5,NULL,'JXCTGQ50'),(NULL,0,'2019-08-25 13:36:11',NULL,739,'0',741,44,5,NULL,'JXCTGQ46'),(NULL,0,'2019-08-25 13:36:11',NULL,740,'0',738,36,17,NULL,'在线'),(NULL,0,'2019-08-25 13:36:11',NULL,741,'0',740,33,17,NULL,'在线'),(NULL,0,'2019-08-25 13:36:11',NULL,742,'0',742,49,17,NULL,'在线'),(NULL,0,'2019-08-25 13:36:11',NULL,743,'0',743,34,5,NULL,'JXCTGQ31'),(NULL,0,'2019-08-25 13:36:11',NULL,744,'0',744,41,5,NULL,'JXCTGQ41'),(NULL,0,'2019-08-25 13:36:11',NULL,745,'0',746,47,17,NULL,'在线'),(NULL,0,'2019-08-25 13:36:11',NULL,746,'0',750,37,17,NULL,'在线'),(NULL,0,'2019-08-25 13:36:11',NULL,747,'0',745,45,17,NULL,'在线'),(NULL,0,'2019-08-25 13:36:11',NULL,748,'0',749,40,17,NULL,'在线'),(NULL,0,'2019-08-25 13:36:11',NULL,749,'0',747,38,5,NULL,'JXCTGQ40'),(NULL,0,'2019-08-25 13:36:11',NULL,750,'0',748,31,17,NULL,'在线'),(NULL,0,'2019-08-25 13:36:11',NULL,751,'0',751,48,17,NULL,'在线'),(NULL,0,'2019-08-25 13:36:11',NULL,752,'0',752,51,17,NULL,'在线'),(NULL,0,'2019-08-25 13:36:12',NULL,753,'0',753,44,17,NULL,'在线'),(NULL,0,'2019-08-25 13:36:12',NULL,754,'0',755,34,17,NULL,'在线'),(NULL,0,'2019-08-25 13:36:12',NULL,755,'0',754,41,17,NULL,'在线'),(NULL,0,'2019-08-25 13:36:12',NULL,756,'0',756,38,17,NULL,'在线');
/*!40000 ALTER TABLE `c_attribute_histories` ENABLE KEYS */;
UNLOCK TABLES;

--
-- Table structure for table `c_attributes`
--

DROP TABLE IF EXISTS `c_attributes`;
/*!40101 SET @saved_cs_client     = @@character_set_client */;
/*!40101 SET character_set_client = utf8 */;
CREATE TABLE `c_attributes` (
  `deleted_at` datetime DEFAULT NULL,
  `deleted` tinyint(1) DEFAULT NULL,
  `created_at` datetime DEFAULT NULL,
  `updated_at` datetime DEFAULT NULL,
  `id` int(11) NOT NULL AUTO_INCREMENT,
  `name` varchar(32) NOT NULL,
  `alias` varchar(32) NOT NULL,
  `value_type` enum('0','1','2','3','4','5') NOT NULL,
  `is_choice` tinyint(1) DEFAULT NULL,
  `is_list` tinyint(1) DEFAULT NULL,
  `is_unique` tinyint(1) DEFAULT NULL,
  `is_index` tinyint(1) DEFAULT NULL,
  `is_link` tinyint(1) DEFAULT NULL,
  `is_password` tinyint(1) DEFAULT NULL,
  `is_sortable` tinyint(1) DEFAULT NULL,
  PRIMARY KEY (`id`),
  KEY `ix_c_attributes_deleted` (`deleted`)
) ENGINE=InnoDB AUTO_INCREMENT=48 DEFAULT CHARSET=utf8;
/*!40101 SET character_set_client = @saved_cs_client */;

--
-- Dumping data for table `c_attributes`
--

LOCK TABLES `c_attributes` WRITE;
/*!40000 ALTER TABLE `c_attributes` DISABLE KEYS */;
INSERT INTO `c_attributes` VALUES (NULL,0,'2019-08-25 10:41:40',NULL,1,'bu_name','部门名','2',0,0,1,1,0,0,1),(NULL,0,'2019-08-25 10:42:47',NULL,2,'owner','负责人','2',0,0,0,1,0,0,1),(NULL,0,'2019-08-25 10:43:44',NULL,3,'product_name','产品名','2',0,0,0,1,0,0,1),(NULL,0,'2019-08-25 10:44:15',NULL,4,'app_name','应用名','2',0,0,1,1,0,0,1),(NULL,0,'2019-08-25 10:44:52',NULL,5,'sn','序列号','2',0,0,1,1,0,0,1),(NULL,0,'2019-08-25 10:45:20',NULL,6,'instance_id','实例ID','2',0,0,0,1,0,0,0),(NULL,0,'2019-08-25 11:01:07',NULL,7,'nic_mac','网卡MAC','2',0,0,0,1,0,0,0),(NULL,0,'2019-08-25 11:01:31',NULL,8,'hd_sn','硬盘序列号','2',0,0,0,1,0,0,0),(NULL,0,'2019-08-25 11:02:45',NULL,9,'ram_sn','内存序列号','2',0,0,0,1,0,0,0),(NULL,0,'2019-08-25 11:09:56',NULL,10,'rd_duty','开发负责人','2',0,0,0,1,0,0,1),(NULL,0,'2019-08-25 11:10:35',NULL,11,'op_duty','运维负责人','2',0,0,0,1,0,0,1),(NULL,0,'2019-08-25 11:10:57',NULL,12,'qa_duty','QA负责人','2',0,0,0,1,0,0,1),(NULL,0,'2019-08-25 11:11:27',NULL,13,'app_description','应用描述','2',0,0,0,0,0,0,0),(NULL,0,'2019-08-25 11:12:25',NULL,14,'app_status','应用状态','2',0,0,0,1,0,0,0),(NULL,0,'2019-08-25 11:25:50',NULL,15,'private_ip','内网IP','2',0,1,1,1,0,0,1),(NULL,0,'2019-08-25 11:27:14',NULL,16,'hostname','主机名','2',0,0,0,1,0,0,1),(NULL,0,'2019-08-25 11:29:06',NULL,17,'status','状态','2',1,0,0,1,0,0,1),(NULL,0,'2019-08-25 11:30:28',NULL,18,'public_ip','公网IP','2',0,0,0,1,0,0,0),(NULL,0,'2019-08-25 11:35:07',NULL,19,'os_version','操作系统版本','2',0,0,0,1,0,0,0),(NULL,0,'2019-08-25 11:35:23',NULL,20,'kernel_version','内核版本','2',0,0,0,1,0,0,0),(NULL,0,'2019-08-25 11:35:47',NULL,21,'cpu','CPU型号','2',0,0,0,0,0,0,0),(NULL,0,'2019-08-25 11:36:05',NULL,22,'cpu_count','CPU数','0',0,0,0,1,0,0,0),(NULL,0,'2019-08-25 11:36:21',NULL,23,'logic_cpu_count','逻辑CPU数','0',0,0,0,1,0,0,0),(NULL,0,'2019-08-25 11:36:45',NULL,24,'hyper_threading','超线程','2',1,0,0,1,0,0,0),(NULL,0,'2019-08-25 11:37:05',NULL,25,'raid','RAID','2',0,0,0,0,0,0,0),(NULL,0,'2019-08-25 11:37:27',NULL,26,'ilo_ip','ilo卡IP','2',0,0,0,1,0,0,0),(NULL,0,'2019-08-25 11:37:44',NULL,27,'ilo_mac','ilo卡MAC','2',0,0,0,0,0,0,0),(NULL,0,'2019-08-25 11:39:06',NULL,28,'env','环境','2',1,0,0,1,0,0,1),(NULL,0,'2019-08-25 11:39:35',NULL,29,'idc','IDC','2',0,0,0,1,0,0,0),(NULL,0,'2019-08-25 11:40:14',NULL,30,'ram_size','内存大小','2',0,0,0,0,0,0,0),(NULL,0,'2019-08-25 11:41:25','2019-08-25 11:42:05',31,'buy_date','采购日期','4',0,0,0,1,0,0,1),(NULL,0,'2019-08-25 11:41:56',NULL,32,'maintain_startdate','保修开始日期','4',0,0,0,1,0,0,1),(NULL,0,'2019-08-25 11:42:35',NULL,33,'maintain_enddate','过保日期','4',0,0,0,1,0,0,1),(NULL,0,'2019-08-25 11:54:54',NULL,34,'host_ip','宿主机IP','2',0,0,0,1,0,0,0),(NULL,0,'2019-08-25 11:56:53',NULL,35,'nic_ip','网卡IP','2',0,0,0,1,0,0,0),(NULL,0,'2019-08-25 11:57:05',NULL,36,'nic_status','网卡状态','2',0,0,0,0,0,0,0),(NULL,0,'2019-08-25 11:57:24',NULL,37,'nic_type','网卡型号','2',0,0,0,0,0,0,0),(NULL,0,'2019-08-25 11:57:42',NULL,38,'nic_interface','网卡接口','2',0,0,0,0,0,0,0),(NULL,0,'2019-08-25 11:57:53',NULL,39,'nic_speed','速率','2',0,0,0,0,0,0,0),(NULL,0,'2019-08-25 12:00:33',NULL,40,'hd_interface_type','接口类型','2',0,0,0,1,0,0,0),(NULL,0,'2019-08-25 12:00:50',NULL,41,'hd_size','硬盘空间','2',0,0,0,0,0,0,0),(NULL,0,'2019-08-25 12:01:06',NULL,42,'hd_vendor','硬盘厂商','2',0,0,0,0,0,0,0),(NULL,0,'2019-08-25 12:01:21',NULL,43,'hd_speed','接口速率','2',0,0,0,0,0,0,0),(NULL,0,'2019-08-25 12:01:34',NULL,44,'hd_type','硬盘型号','2',0,0,0,0,0,0,0),(NULL,0,'2019-08-25 12:02:45',NULL,45,'ram_type','内存类型','2',0,0,0,0,0,0,0),(NULL,0,'2019-08-25 12:03:00',NULL,46,'ram_speed','RAMSpeed','2',0,0,0,0,0,0,0),(NULL,0,'2019-08-25 12:15:58',NULL,47,'manufacturer','服务器厂家','2',0,0,0,1,0,0,0);
/*!40000 ALTER TABLE `c_attributes` ENABLE KEYS */;
UNLOCK TABLES;

--
-- Table structure for table `c_choice_floats`
--

DROP TABLE IF EXISTS `c_choice_floats`;
/*!40101 SET @saved_cs_client     = @@character_set_client */;
/*!40101 SET character_set_client = utf8 */;
CREATE TABLE `c_choice_floats` (
  `deleted_at` datetime DEFAULT NULL,
  `deleted` tinyint(1) DEFAULT NULL,
  `created_at` datetime DEFAULT NULL,
  `updated_at` datetime DEFAULT NULL,
  `id` int(11) NOT NULL AUTO_INCREMENT,
  `attr_id` int(11) NOT NULL,
  `value` float NOT NULL,
  PRIMARY KEY (`id`),
  KEY `attr_id` (`attr_id`),
  KEY `ix_c_choice_floats_deleted` (`deleted`),
  CONSTRAINT `c_choice_floats_ibfk_1` FOREIGN KEY (`attr_id`) REFERENCES `c_attributes` (`id`)
) ENGINE=InnoDB DEFAULT CHARSET=utf8;
/*!40101 SET character_set_client = @saved_cs_client */;

--
-- Dumping data for table `c_choice_floats`
--

LOCK TABLES `c_choice_floats` WRITE;
/*!40000 ALTER TABLE `c_choice_floats` DISABLE KEYS */;
/*!40000 ALTER TABLE `c_choice_floats` ENABLE KEYS */;
UNLOCK TABLES;

--
-- Table structure for table `c_choice_integers`
--

DROP TABLE IF EXISTS `c_choice_integers`;
/*!40101 SET @saved_cs_client     = @@character_set_client */;
/*!40101 SET character_set_client = utf8 */;
CREATE TABLE `c_choice_integers` (
  `deleted_at` datetime DEFAULT NULL,
  `deleted` tinyint(1) DEFAULT NULL,
  `created_at` datetime DEFAULT NULL,
  `updated_at` datetime DEFAULT NULL,
  `id` int(11) NOT NULL AUTO_INCREMENT,
  `attr_id` int(11) NOT NULL,
  `value` int(11) NOT NULL,
  PRIMARY KEY (`id`),
  KEY `attr_id` (`attr_id`),
  KEY `ix_c_choice_integers_deleted` (`deleted`),
  CONSTRAINT `c_choice_integers_ibfk_1` FOREIGN KEY (`attr_id`) REFERENCES `c_attributes` (`id`)
) ENGINE=InnoDB DEFAULT CHARSET=utf8;
/*!40101 SET character_set_client = @saved_cs_client */;

--
-- Dumping data for table `c_choice_integers`
--

LOCK TABLES `c_choice_integers` WRITE;
/*!40000 ALTER TABLE `c_choice_integers` DISABLE KEYS */;
/*!40000 ALTER TABLE `c_choice_integers` ENABLE KEYS */;
UNLOCK TABLES;

--
-- Table structure for table `c_choice_texts`
--

DROP TABLE IF EXISTS `c_choice_texts`;
/*!40101 SET @saved_cs_client     = @@character_set_client */;
/*!40101 SET character_set_client = utf8 */;
CREATE TABLE `c_choice_texts` (
  `deleted_at` datetime DEFAULT NULL,
  `deleted` tinyint(1) DEFAULT NULL,
  `created_at` datetime DEFAULT NULL,
  `updated_at` datetime DEFAULT NULL,
  `id` int(11) NOT NULL AUTO_INCREMENT,
  `attr_id` int(11) NOT NULL,
  `value` text NOT NULL,
  PRIMARY KEY (`id`),
  KEY `attr_id` (`attr_id`),
  KEY `ix_c_choice_texts_deleted` (`deleted`),
  CONSTRAINT `c_choice_texts_ibfk_1` FOREIGN KEY (`attr_id`) REFERENCES `c_attributes` (`id`)
) ENGINE=InnoDB AUTO_INCREMENT=15 DEFAULT CHARSET=utf8;
/*!40101 SET character_set_client = @saved_cs_client */;

--
-- Dumping data for table `c_choice_texts`
--

LOCK TABLES `c_choice_texts` WRITE;
/*!40000 ALTER TABLE `c_choice_texts` DISABLE KEYS */;
INSERT INTO `c_choice_texts` VALUES (NULL,0,'2019-08-25 12:07:32',NULL,4,28,'test'),(NULL,0,'2019-08-25 12:07:32',NULL,5,28,'stage'),(NULL,0,'2019-08-25 12:07:32',NULL,6,28,'prod'),(NULL,0,'2019-08-25 12:09:00',NULL,7,17,'在线'),(NULL,0,'2019-08-25 12:09:00',NULL,8,17,'备用'),(NULL,0,'2019-08-25 12:09:00',NULL,9,17,'下线'),(NULL,0,'2019-08-25 12:09:00',NULL,10,17,'待用'),(NULL,0,'2019-08-25 12:09:00',NULL,11,17,'维修'),(NULL,0,'2019-08-25 12:09:00',NULL,12,17,'重装'),(NULL,0,'2019-08-25 12:09:23',NULL,13,24,'enable'),(NULL,0,'2019-08-25 12:09:23',NULL,14,24,'disable');
/*!40000 ALTER TABLE `c_choice_texts` ENABLE KEYS */;
UNLOCK TABLES;

--
-- Table structure for table `c_ci_relations`
--

DROP TABLE IF EXISTS `c_ci_relations`;
/*!40101 SET @saved_cs_client     = @@character_set_client */;
/*!40101 SET character_set_client = utf8 */;
CREATE TABLE `c_ci_relations` (
  `deleted_at` datetime DEFAULT NULL,
  `deleted` tinyint(1) DEFAULT NULL,
  `created_at` datetime DEFAULT NULL,
  `updated_at` datetime DEFAULT NULL,
  `id` int(11) NOT NULL AUTO_INCREMENT,
  `first_ci_id` int(11) NOT NULL,
  `second_ci_id` int(11) NOT NULL,
  `relation_type_id` int(11) NOT NULL,
  `more` int(11) DEFAULT NULL,
  PRIMARY KEY (`id`),
  KEY `first_ci_id` (`first_ci_id`),
  KEY `second_ci_id` (`second_ci_id`),
  KEY `relation_type_id` (`relation_type_id`),
  KEY `more` (`more`),
  KEY `ix_c_ci_relations_deleted` (`deleted`),
  CONSTRAINT `c_ci_relations_ibfk_1` FOREIGN KEY (`first_ci_id`) REFERENCES `c_cis` (`id`),
  CONSTRAINT `c_ci_relations_ibfk_2` FOREIGN KEY (`second_ci_id`) REFERENCES `c_cis` (`id`),
  CONSTRAINT `c_ci_relations_ibfk_3` FOREIGN KEY (`relation_type_id`) REFERENCES `c_relation_types` (`id`),
  CONSTRAINT `c_ci_relations_ibfk_4` FOREIGN KEY (`more`) REFERENCES `c_cis` (`id`)
) ENGINE=InnoDB DEFAULT CHARSET=utf8;
/*!40101 SET character_set_client = @saved_cs_client */;

--
-- Dumping data for table `c_ci_relations`
--

LOCK TABLES `c_ci_relations` WRITE;
/*!40000 ALTER TABLE `c_ci_relations` DISABLE KEYS */;
/*!40000 ALTER TABLE `c_ci_relations` ENABLE KEYS */;
UNLOCK TABLES;

--
-- Table structure for table `c_ci_type_attribute_group_items`
--

DROP TABLE IF EXISTS `c_ci_type_attribute_group_items`;
/*!40101 SET @saved_cs_client     = @@character_set_client */;
/*!40101 SET character_set_client = utf8 */;
CREATE TABLE `c_ci_type_attribute_group_items` (
  `deleted_at` datetime DEFAULT NULL,
  `deleted` tinyint(1) DEFAULT NULL,
  `created_at` datetime DEFAULT NULL,
  `updated_at` datetime DEFAULT NULL,
  `id` int(11) NOT NULL AUTO_INCREMENT,
  `group_id` int(11) NOT NULL,
  `attr_id` int(11) NOT NULL,
  `order` smallint(6) DEFAULT NULL,
  PRIMARY KEY (`id`),
  KEY `group_id` (`group_id`),
  KEY `attr_id` (`attr_id`),
  KEY `ix_c_ci_type_attribute_group_items_deleted` (`deleted`),
  CONSTRAINT `c_ci_type_attribute_group_items_ibfk_1` FOREIGN KEY (`group_id`) REFERENCES `c_ci_type_attribute_groups` (`id`),
  CONSTRAINT `c_ci_type_attribute_group_items_ibfk_2` FOREIGN KEY (`attr_id`) REFERENCES `c_attributes` (`id`)
) ENGINE=InnoDB AUTO_INCREMENT=19 DEFAULT CHARSET=utf8;
/*!40101 SET character_set_client = @saved_cs_client */;

--
-- Dumping data for table `c_ci_type_attribute_group_items`
--

LOCK TABLES `c_ci_type_attribute_group_items` WRITE;
/*!40000 ALTER TABLE `c_ci_type_attribute_group_items` DISABLE KEYS */;
INSERT INTO `c_ci_type_attribute_group_items` VALUES (NULL,0,'2019-08-25 11:49:06','2019-08-25 11:52:12',1,1,11,3),(NULL,0,'2019-08-25 11:49:38','2019-08-25 11:52:12',2,1,28,2),(NULL,0,'2019-08-25 11:49:46','2019-08-25 11:52:12',3,1,17,1),(NULL,0,'2019-08-25 11:50:21','2019-08-25 11:50:41',4,2,19,3),(NULL,0,'2019-08-25 11:50:33',NULL,5,2,16,0),(NULL,0,'2019-08-25 11:50:38',NULL,6,2,15,1),(NULL,0,'2019-08-25 11:50:41',NULL,7,2,18,2),(NULL,0,'2019-08-25 11:50:44',NULL,8,2,20,4),(NULL,0,'2019-08-25 11:51:33','2019-08-25 13:41:03',9,3,5,0),(NULL,0,'2019-08-25 11:51:36','2019-08-25 11:51:50',10,3,21,2),(NULL,0,'2019-08-25 11:51:38','2019-08-25 11:51:50',11,3,22,3),(NULL,0,'2019-08-25 11:51:40','2019-08-25 11:51:50',12,3,23,4),(NULL,0,'2019-08-25 11:51:42','2019-08-25 11:51:50',13,3,24,5),(NULL,0,'2019-08-25 11:51:44','2019-08-25 11:51:50',14,3,25,6),(NULL,0,'2019-08-25 11:51:50','2019-08-25 13:41:03',15,3,26,1),(NULL,0,'2019-08-25 11:51:53',NULL,16,2,27,5),(NULL,0,'2019-08-25 11:52:00',NULL,17,3,30,7),(NULL,0,'2019-08-25 11:52:10',NULL,18,1,29,0);
/*!40000 ALTER TABLE `c_ci_type_attribute_group_items` ENABLE KEYS */;
UNLOCK TABLES;

--
-- Table structure for table `c_ci_type_attribute_groups`
--

DROP TABLE IF EXISTS `c_ci_type_attribute_groups`;
/*!40101 SET @saved_cs_client     = @@character_set_client */;
/*!40101 SET character_set_client = utf8 */;
CREATE TABLE `c_ci_type_attribute_groups` (
  `deleted_at` datetime DEFAULT NULL,
  `deleted` tinyint(1) DEFAULT NULL,
  `created_at` datetime DEFAULT NULL,
  `updated_at` datetime DEFAULT NULL,
  `id` int(11) NOT NULL AUTO_INCREMENT,
  `name` varchar(64) DEFAULT NULL,
  `type_id` int(11) NOT NULL,
  `order` smallint(6) DEFAULT NULL,
  PRIMARY KEY (`id`),
  KEY `type_id` (`type_id`),
  KEY `ix_c_ci_type_attribute_groups_deleted` (`deleted`),
  CONSTRAINT `c_ci_type_attribute_groups_ibfk_1` FOREIGN KEY (`type_id`) REFERENCES `c_ci_types` (`id`)
) ENGINE=InnoDB AUTO_INCREMENT=4 DEFAULT CHARSET=utf8;
/*!40101 SET character_set_client = @saved_cs_client */;

--
-- Dumping data for table `c_ci_type_attribute_groups`
--

LOCK TABLES `c_ci_type_attribute_groups` WRITE;
/*!40000 ALTER TABLE `c_ci_type_attribute_groups` DISABLE KEYS */;
INSERT INTO `c_ci_type_attribute_groups` VALUES (NULL,0,'2019-08-25 11:48:44','2019-08-25 11:49:06',1,'业务',4,0),(NULL,0,'2019-08-25 11:50:15','2019-08-25 13:39:33',2,'系统',4,2),(NULL,0,'2019-08-25 11:51:23','2019-08-25 13:39:33',3,'硬件',4,1);
/*!40000 ALTER TABLE `c_ci_type_attribute_groups` ENABLE KEYS */;
UNLOCK TABLES;

--
-- Table structure for table `c_ci_type_attributes`
--

DROP TABLE IF EXISTS `c_ci_type_attributes`;
/*!40101 SET @saved_cs_client     = @@character_set_client */;
/*!40101 SET character_set_client = utf8 */;
CREATE TABLE `c_ci_type_attributes` (
  `deleted_at` datetime DEFAULT NULL,
  `deleted` tinyint(1) DEFAULT NULL,
  `created_at` datetime DEFAULT NULL,
  `updated_at` datetime DEFAULT NULL,
  `id` int(11) NOT NULL AUTO_INCREMENT,
  `type_id` int(11) NOT NULL,
  `attr_id` int(11) NOT NULL,
  `order` int(11) DEFAULT NULL,
  `is_required` tinyint(1) DEFAULT NULL,
  `default_show` tinyint(1) DEFAULT NULL,
  PRIMARY KEY (`id`),
  KEY `type_id` (`type_id`),
  KEY `attr_id` (`attr_id`),
  KEY `ix_c_ci_type_attributes_deleted` (`deleted`),
  CONSTRAINT `c_ci_type_attributes_ibfk_1` FOREIGN KEY (`type_id`) REFERENCES `c_ci_types` (`id`),
  CONSTRAINT `c_ci_type_attributes_ibfk_2` FOREIGN KEY (`attr_id`) REFERENCES `c_attributes` (`id`)
) ENGINE=InnoDB AUTO_INCREMENT=56 DEFAULT CHARSET=utf8;
/*!40101 SET character_set_client = @saved_cs_client */;

--
-- Dumping data for table `c_ci_type_attributes`
--

LOCK TABLES `c_ci_type_attributes` WRITE;
/*!40000 ALTER TABLE `c_ci_type_attributes` DISABLE KEYS */;
INSERT INTO `c_ci_type_attributes` VALUES (NULL,0,'2019-08-25 10:42:25',NULL,1,1,1,0,1,1),(NULL,0,'2019-08-25 10:42:47',NULL,2,1,2,0,0,1),(NULL,0,'2019-08-25 10:45:39',NULL,3,2,3,0,1,1),(NULL,0,'2019-08-25 10:46:08',NULL,4,3,4,0,1,1),(NULL,0,'2019-08-25 10:57:37','2019-08-25 13:41:03',5,4,5,4,1,1),(NULL,0,'2019-08-25 10:58:44',NULL,6,5,6,0,1,1),(NULL,0,'2019-08-25 11:04:12',NULL,7,6,7,0,1,1),(NULL,0,'2019-08-25 11:04:24',NULL,8,7,8,0,1,1),(NULL,0,'2019-08-25 11:04:45',NULL,9,8,9,0,1,1),(NULL,0,'2019-08-25 11:05:02',NULL,10,2,2,0,0,1),(NULL,0,'2019-08-25 11:09:56','2019-08-25 11:15:16',11,3,10,2,0,1),(NULL,0,'2019-08-25 11:10:36','2019-08-25 11:15:16',12,3,11,3,0,1),(NULL,0,'2019-08-25 11:10:57','2019-08-25 11:15:16',13,3,12,4,0,1),(NULL,0,'2019-08-25 11:11:27','2019-08-25 11:15:16',14,3,13,5,0,1),(NULL,0,'2019-08-25 11:12:25','2019-08-25 11:15:16',15,3,14,1,0,1),(NULL,0,'2019-08-25 11:25:50','2019-08-25 11:52:10',16,4,15,5,1,1),(NULL,0,'2019-08-25 11:27:14','2019-08-25 11:52:10',17,4,16,4,1,1),(NULL,0,'2019-08-25 11:27:40','2019-08-25 12:10:19',18,4,11,3,0,0),(NULL,0,'2019-08-25 11:29:06','2019-08-25 11:52:12',19,4,17,1,0,1),(NULL,0,'2019-08-25 11:30:28','2019-08-25 11:52:10',20,4,18,6,0,1),(NULL,0,'2019-08-25 11:35:07','2019-08-25 11:52:10',21,4,19,7,0,1),(NULL,0,'2019-08-25 11:35:23','2019-08-25 11:52:10',22,4,20,8,0,0),(NULL,0,'2019-08-25 11:35:48','2019-08-25 11:52:10',23,4,21,12,0,0),(NULL,0,'2019-08-25 11:36:05','2019-08-25 11:52:10',24,4,22,13,0,0),(NULL,0,'2019-08-25 11:36:21','2019-08-25 11:52:10',25,4,23,14,0,0),(NULL,0,'2019-08-25 11:36:45','2019-08-25 11:52:10',26,4,24,15,0,0),(NULL,0,'2019-08-25 11:37:05','2019-08-25 11:52:10',27,4,25,16,0,0),(NULL,0,'2019-08-25 11:37:27','2019-08-25 13:41:03',28,4,26,5,0,0),(NULL,0,'2019-08-25 11:37:45','2019-08-25 11:52:10',29,4,27,9,0,0),(NULL,0,'2019-08-25 11:39:06','2019-08-25 11:52:12',30,4,28,2,0,1),(NULL,0,'2019-08-25 11:39:35','2019-08-25 11:52:10',31,4,29,0,0,1),(NULL,0,'2019-08-25 11:40:14','2019-08-25 11:52:10',32,4,30,17,0,0),(NULL,0,'2019-08-25 11:41:25','2019-08-25 11:49:06',33,4,31,18,0,0),(NULL,0,'2019-08-25 11:41:56','2019-08-25 11:49:06',34,4,32,19,0,0),(NULL,0,'2019-08-25 11:42:35','2019-08-25 11:49:06',35,4,33,20,0,0),(NULL,0,'2019-08-25 11:54:54',NULL,36,5,34,0,0,1),(NULL,0,'2019-08-25 11:55:30',NULL,37,5,17,0,0,1),(NULL,0,'2019-08-25 11:55:30',NULL,38,5,28,0,0,1),(NULL,0,'2019-08-25 11:55:30',NULL,39,5,29,0,0,1),(NULL,0,'2019-08-25 11:55:30',NULL,40,5,10,0,0,1),(NULL,0,'2019-08-25 11:55:30',NULL,41,5,11,0,0,1),(NULL,0,'2019-08-25 11:56:53',NULL,42,6,35,0,0,1),(NULL,0,'2019-08-25 11:57:05',NULL,43,6,36,0,0,1),(NULL,0,'2019-08-25 11:57:24',NULL,44,6,37,0,0,1),(NULL,0,'2019-08-25 11:57:42',NULL,45,6,38,0,0,1),(NULL,0,'2019-08-25 11:57:53',NULL,46,6,39,0,0,1),(NULL,0,'2019-08-25 12:00:34',NULL,47,7,40,0,0,1),(NULL,0,'2019-08-25 12:00:50',NULL,48,7,41,0,0,1),(NULL,0,'2019-08-25 12:01:06',NULL,49,7,42,0,0,1),(NULL,0,'2019-08-25 12:01:21',NULL,50,7,43,0,0,1),(NULL,0,'2019-08-25 12:01:34',NULL,51,7,44,0,0,1),(NULL,0,'2019-08-25 12:02:29',NULL,52,8,30,0,0,1),(NULL,0,'2019-08-25 12:02:45',NULL,53,8,45,0,0,1),(NULL,0,'2019-08-25 12:03:00',NULL,54,8,46,0,0,1),(NULL,0,'2019-08-25 12:15:58','2019-08-25 12:16:34',55,4,47,0,0,0);
/*!40000 ALTER TABLE `c_ci_type_attributes` ENABLE KEYS */;
UNLOCK TABLES;

--
-- Table structure for table `c_ci_type_group_items`
--

DROP TABLE IF EXISTS `c_ci_type_group_items`;
/*!40101 SET @saved_cs_client     = @@character_set_client */;
/*!40101 SET character_set_client = utf8 */;
CREATE TABLE `c_ci_type_group_items` (
  `deleted_at` datetime DEFAULT NULL,
  `deleted` tinyint(1) DEFAULT NULL,
  `created_at` datetime DEFAULT NULL,
  `updated_at` datetime DEFAULT NULL,
  `id` int(11) NOT NULL AUTO_INCREMENT,
  `group_id` int(11) NOT NULL,
  `type_id` int(11) NOT NULL,
  `order` smallint(6) DEFAULT NULL,
  PRIMARY KEY (`id`),
  KEY `group_id` (`group_id`),
  KEY `type_id` (`type_id`),
  KEY `ix_c_ci_type_group_items_deleted` (`deleted`),
  CONSTRAINT `c_ci_type_group_items_ibfk_1` FOREIGN KEY (`group_id`) REFERENCES `c_ci_type_groups` (`id`),
  CONSTRAINT `c_ci_type_group_items_ibfk_2` FOREIGN KEY (`type_id`) REFERENCES `c_ci_types` (`id`)
) ENGINE=InnoDB DEFAULT CHARSET=utf8;
/*!40101 SET character_set_client = @saved_cs_client */;

--
-- Dumping data for table `c_ci_type_group_items`
--

LOCK TABLES `c_ci_type_group_items` WRITE;
/*!40000 ALTER TABLE `c_ci_type_group_items` DISABLE KEYS */;
/*!40000 ALTER TABLE `c_ci_type_group_items` ENABLE KEYS */;
UNLOCK TABLES;

--
-- Table structure for table `c_ci_type_groups`
--

DROP TABLE IF EXISTS `c_ci_type_groups`;
/*!40101 SET @saved_cs_client     = @@character_set_client */;
/*!40101 SET character_set_client = utf8 */;
CREATE TABLE `c_ci_type_groups` (
  `deleted_at` datetime DEFAULT NULL,
  `deleted` tinyint(1) DEFAULT NULL,
  `created_at` datetime DEFAULT NULL,
  `updated_at` datetime DEFAULT NULL,
  `id` int(11) NOT NULL AUTO_INCREMENT,
  `name` varchar(32) DEFAULT NULL,
  PRIMARY KEY (`id`),
  KEY `ix_c_ci_type_groups_deleted` (`deleted`)
) ENGINE=InnoDB DEFAULT CHARSET=utf8;
/*!40101 SET character_set_client = @saved_cs_client */;

--
-- Dumping data for table `c_ci_type_groups`
--

LOCK TABLES `c_ci_type_groups` WRITE;
/*!40000 ALTER TABLE `c_ci_type_groups` DISABLE KEYS */;
/*!40000 ALTER TABLE `c_ci_type_groups` ENABLE KEYS */;
UNLOCK TABLES;

--
-- Table structure for table `c_ci_type_relations`
--

DROP TABLE IF EXISTS `c_ci_type_relations`;
/*!40101 SET @saved_cs_client     = @@character_set_client */;
/*!40101 SET character_set_client = utf8 */;
CREATE TABLE `c_ci_type_relations` (
  `deleted_at` datetime DEFAULT NULL,
  `deleted` tinyint(1) DEFAULT NULL,
  `created_at` datetime DEFAULT NULL,
  `updated_at` datetime DEFAULT NULL,
  `id` int(11) NOT NULL AUTO_INCREMENT,
  `parent_id` int(11) NOT NULL,
  `child_id` int(11) NOT NULL,
  `relation_type_id` int(11) NOT NULL,
  PRIMARY KEY (`id`),
  KEY `parent_id` (`parent_id`),
  KEY `child_id` (`child_id`),
  KEY `relation_type_id` (`relation_type_id`),
  KEY `ix_c_ci_type_relations_deleted` (`deleted`),
  CONSTRAINT `c_ci_type_relations_ibfk_1` FOREIGN KEY (`parent_id`) REFERENCES `c_ci_types` (`id`),
  CONSTRAINT `c_ci_type_relations_ibfk_2` FOREIGN KEY (`child_id`) REFERENCES `c_ci_types` (`id`),
  CONSTRAINT `c_ci_type_relations_ibfk_3` FOREIGN KEY (`relation_type_id`) REFERENCES `c_relation_types` (`id`)
) ENGINE=InnoDB AUTO_INCREMENT=8 DEFAULT CHARSET=utf8;
/*!40101 SET character_set_client = @saved_cs_client */;

--
-- Dumping data for table `c_ci_type_relations`
--

LOCK TABLES `c_ci_type_relations` WRITE;
/*!40000 ALTER TABLE `c_ci_type_relations` DISABLE KEYS */;
INSERT INTO `c_ci_type_relations` VALUES (NULL,0,'2019-08-25 11:45:15',NULL,1,4,6,1),(NULL,0,'2019-08-25 11:45:22',NULL,2,4,7,1),(NULL,0,'2019-08-25 11:45:30',NULL,3,4,8,1),(NULL,0,'2019-08-25 12:03:20',NULL,4,1,2,1),(NULL,0,'2019-08-25 12:03:30',NULL,5,2,3,1),(NULL,0,'2019-08-25 12:03:42',NULL,6,3,4,2),(NULL,0,'2019-08-25 12:03:49',NULL,7,3,5,2);
/*!40000 ALTER TABLE `c_ci_type_relations` ENABLE KEYS */;
UNLOCK TABLES;

--
-- Table structure for table `c_ci_types`
--

DROP TABLE IF EXISTS `c_ci_types`;
/*!40101 SET @saved_cs_client     = @@character_set_client */;
/*!40101 SET character_set_client = utf8 */;
CREATE TABLE `c_ci_types` (
  `deleted_at` datetime DEFAULT NULL,
  `deleted` tinyint(1) DEFAULT NULL,
  `created_at` datetime DEFAULT NULL,
  `updated_at` datetime DEFAULT NULL,
  `id` int(11) NOT NULL AUTO_INCREMENT,
  `name` varchar(32) DEFAULT NULL,
  `alias` varchar(32) DEFAULT NULL,
  `unique_id` int(11) NOT NULL,
  `enabled` tinyint(1) NOT NULL,
  `is_attached` tinyint(1) NOT NULL,
  `icon_url` varchar(256) DEFAULT NULL,
  `order` smallint(6) NOT NULL,
  PRIMARY KEY (`id`),
  KEY `unique_id` (`unique_id`),
  KEY `ix_c_ci_types_deleted` (`deleted`),
  CONSTRAINT `c_ci_types_ibfk_1` FOREIGN KEY (`unique_id`) REFERENCES `c_attributes` (`id`)
) ENGINE=InnoDB AUTO_INCREMENT=9 DEFAULT CHARSET=utf8;
/*!40101 SET character_set_client = @saved_cs_client */;

--
-- Dumping data for table `c_ci_types`
--

LOCK TABLES `c_ci_types` WRITE;
/*!40000 ALTER TABLE `c_ci_types` DISABLE KEYS */;
INSERT INTO `c_ci_types` VALUES (NULL,0,'2019-08-25 10:42:25',NULL,1,'bu','事业部',1,1,0,NULL,0),(NULL,0,'2019-08-25 10:45:39',NULL,2,'product','产品线',3,1,0,NULL,0),(NULL,0,'2019-08-25 10:46:08',NULL,3,'app','应用',4,1,0,NULL,0),(NULL,0,'2019-08-25 10:57:37',NULL,4,'server','服务器',5,1,0,NULL,0),(NULL,0,'2019-08-25 10:58:44',NULL,5,'docker','Docker',6,1,0,NULL,0),(NULL,0,'2019-08-25 11:04:12',NULL,6,'NIC','网卡',7,1,1,NULL,0),(NULL,0,'2019-08-25 11:04:24',NULL,7,'harddisk','硬盘',8,1,1,NULL,0),(NULL,0,'2019-08-25 11:04:45',NULL,8,'RAM','内存',9,1,1,NULL,0);
/*!40000 ALTER TABLE `c_ci_types` ENABLE KEYS */;
UNLOCK TABLES;

--
-- Table structure for table `c_cis`
--

DROP TABLE IF EXISTS `c_cis`;
/*!40101 SET @saved_cs_client     = @@character_set_client */;
/*!40101 SET character_set_client = utf8 */;
CREATE TABLE `c_cis` (
  `deleted_at` datetime DEFAULT NULL,
  `deleted` tinyint(1) DEFAULT NULL,
  `created_at` datetime DEFAULT NULL,
  `updated_at` datetime DEFAULT NULL,
  `id` int(11) NOT NULL AUTO_INCREMENT,
  `type_id` int(11) NOT NULL,
  `status` enum('0','1') DEFAULT NULL,
  `heartbeat` datetime DEFAULT NULL,
  PRIMARY KEY (`id`),
  KEY `type_id` (`type_id`),
  KEY `ix_c_cis_deleted` (`deleted`),
  CONSTRAINT `c_cis_ibfk_1` FOREIGN KEY (`type_id`) REFERENCES `c_ci_types` (`id`)
) ENGINE=InnoDB AUTO_INCREMENT=52 DEFAULT CHARSET=utf8;
/*!40101 SET character_set_client = @saved_cs_client */;

--
-- Dumping data for table `c_cis`
--

LOCK TABLES `c_cis` WRITE;
/*!40000 ALTER TABLE `c_cis` DISABLE KEYS */;
INSERT INTO `c_cis` VALUES (NULL,0,'2019-08-25 12:11:29',NULL,1,3,NULL,'2019-08-25 12:11:29'),(NULL,0,'2019-08-25 12:14:58',NULL,2,4,NULL,'2019-08-25 12:14:58'),(NULL,0,'2019-08-25 13:35:56',NULL,3,4,NULL,'2019-08-25 13:35:56'),(NULL,0,'2019-08-25 13:35:56',NULL,4,4,NULL,'2019-08-25 13:35:56'),(NULL,0,'2019-08-25 13:35:56',NULL,5,4,NULL,'2019-08-25 13:35:56'),(NULL,0,'2019-08-25 13:35:56',NULL,6,4,NULL,'2019-08-25 13:35:56'),(NULL,0,'2019-08-25 13:35:56',NULL,7,4,NULL,'2019-08-25 13:35:56'),(NULL,0,'2019-08-25 13:35:57',NULL,8,4,NULL,'2019-08-25 13:35:57'),(NULL,0,'2019-08-25 13:35:57',NULL,9,4,NULL,'2019-08-25 13:35:57'),(NULL,0,'2019-08-25 13:35:57',NULL,10,4,NULL,'2019-08-25 13:35:57'),(NULL,0,'2019-08-25 13:35:57',NULL,11,4,NULL,'2019-08-25 13:35:57'),(NULL,0,'2019-08-25 13:35:57',NULL,12,4,NULL,'2019-08-25 13:35:57'),(NULL,0,'2019-08-25 13:35:57',NULL,13,4,NULL,'2019-08-25 13:35:57'),(NULL,0,'2019-08-25 13:35:59',NULL,14,4,NULL,'2019-08-25 13:35:59'),(NULL,0,'2019-08-25 13:35:59',NULL,15,4,NULL,'2019-08-25 13:35:59'),(NULL,0,'2019-08-25 13:35:59',NULL,16,4,NULL,'2019-08-25 13:35:59'),(NULL,0,'2019-08-25 13:35:59',NULL,17,4,NULL,'2019-08-25 13:35:59'),(NULL,0,'2019-08-25 13:35:59',NULL,18,4,NULL,'2019-08-25 13:35:59'),(NULL,0,'2019-08-25 13:35:59',NULL,19,4,NULL,'2019-08-25 13:35:59'),(NULL,0,'2019-08-25 13:36:01',NULL,20,4,NULL,'2019-08-25 13:36:01'),(NULL,0,'2019-08-25 13:36:01',NULL,21,4,NULL,'2019-08-25 13:36:01'),(NULL,0,'2019-08-25 13:36:01',NULL,22,4,NULL,'2019-08-25 13:36:01'),(NULL,0,'2019-08-25 13:36:01',NULL,23,4,NULL,'2019-08-25 13:36:01'),(NULL,0,'2019-08-25 13:36:01',NULL,24,4,NULL,'2019-08-25 13:36:01'),(NULL,0,'2019-08-25 13:36:02',NULL,25,4,NULL,'2019-08-25 13:36:02'),(NULL,0,'2019-08-25 13:36:02',NULL,26,4,NULL,'2019-08-25 13:36:02'),(NULL,0,'2019-08-25 13:36:02',NULL,27,4,NULL,'2019-08-25 13:36:02'),(NULL,0,'2019-08-25 13:36:02',NULL,28,4,NULL,'2019-08-25 13:36:02'),(NULL,0,'2019-08-25 13:36:02',NULL,29,4,NULL,'2019-08-25 13:36:02'),(NULL,0,'2019-08-25 13:36:02',NULL,30,4,NULL,'2019-08-25 13:36:02'),(NULL,0,'2019-08-25 13:36:02',NULL,31,4,NULL,'2019-08-25 13:36:02'),(NULL,0,'2019-08-25 13:36:02',NULL,32,4,NULL,'2019-08-25 13:36:02'),(NULL,0,'2019-08-25 13:36:02',NULL,33,4,NULL,'2019-08-25 13:36:02'),(NULL,0,'2019-08-25 13:36:02',NULL,34,4,NULL,'2019-08-25 13:36:02'),(NULL,0,'2019-08-25 13:36:02',NULL,35,4,NULL,'2019-08-25 13:36:02'),(NULL,0,'2019-08-25 13:36:02',NULL,36,4,NULL,'2019-08-25 13:36:02'),(NULL,0,'2019-08-25 13:36:02',NULL,37,4,NULL,'2019-08-25 13:36:02'),(NULL,0,'2019-08-25 13:36:02',NULL,38,4,NULL,'2019-08-25 13:36:02'),(NULL,0,'2019-08-25 13:36:02',NULL,39,4,NULL,'2019-08-25 13:36:02'),(NULL,0,'2019-08-25 13:36:02',NULL,40,4,NULL,'2019-08-25 13:36:02'),(NULL,0,'2019-08-25 13:36:02',NULL,41,4,NULL,'2019-08-25 13:36:02'),(NULL,0,'2019-08-25 13:36:02',NULL,42,4,NULL,'2019-08-25 13:36:02'),(NULL,0,'2019-08-25 13:36:02',NULL,43,4,NULL,'2019-08-25 13:36:02'),(NULL,0,'2019-08-25 13:36:02',NULL,44,4,NULL,'2019-08-25 13:36:02'),(NULL,0,'2019-08-25 13:36:02',NULL,45,4,NULL,'2019-08-25 13:36:02'),(NULL,0,'2019-08-25 13:36:02',NULL,46,4,NULL,'2019-08-25 13:36:02'),(NULL,0,'2019-08-25 13:36:02',NULL,47,4,NULL,'2019-08-25 13:36:02'),(NULL,0,'2019-08-25 13:36:02',NULL,48,4,NULL,'2019-08-25 13:36:02'),(NULL,0,'2019-08-25 13:36:03',NULL,49,4,NULL,'2019-08-25 13:36:03'),(NULL,0,'2019-08-25 13:36:03',NULL,50,4,NULL,'2019-08-25 13:36:03'),(NULL,0,'2019-08-25 13:36:03',NULL,51,4,NULL,'2019-08-25 13:36:03');
/*!40000 ALTER TABLE `c_cis` ENABLE KEYS */;
UNLOCK TABLES;

--
-- Table structure for table `c_preference_relation_views`
--

DROP TABLE IF EXISTS `c_preference_relation_views`;
/*!40101 SET @saved_cs_client     = @@character_set_client */;
/*!40101 SET character_set_client = utf8 */;
CREATE TABLE `c_preference_relation_views` (
  `deleted_at` datetime DEFAULT NULL,
  `deleted` tinyint(1) DEFAULT NULL,
  `created_at` datetime DEFAULT NULL,
  `updated_at` datetime DEFAULT NULL,
  `id` int(11) NOT NULL AUTO_INCREMENT,
  `name` varchar(8) NOT NULL,
  `parent_id` int(11) NOT NULL,
  `child_id` int(11) NOT NULL,
  PRIMARY KEY (`id`),
  KEY `parent_id` (`parent_id`),
  KEY `child_id` (`child_id`),
  KEY `ix_c_preference_relation_views_deleted` (`deleted`),
  KEY `ix_c_preference_relation_views_name` (`name`),
  CONSTRAINT `c_preference_relation_views_ibfk_1` FOREIGN KEY (`parent_id`) REFERENCES `c_ci_types` (`id`),
  CONSTRAINT `c_preference_relation_views_ibfk_2` FOREIGN KEY (`child_id`) REFERENCES `c_ci_types` (`id`)
) ENGINE=InnoDB DEFAULT CHARSET=utf8;
/*!40101 SET character_set_client = @saved_cs_client */;

--
-- Dumping data for table `c_preference_relation_views`
--

LOCK TABLES `c_preference_relation_views` WRITE;
/*!40000 ALTER TABLE `c_preference_relation_views` DISABLE KEYS */;
/*!40000 ALTER TABLE `c_preference_relation_views` ENABLE KEYS */;
UNLOCK TABLES;

--
-- Table structure for table `c_preference_show_attributes`
--

DROP TABLE IF EXISTS `c_preference_show_attributes`;
/*!40101 SET @saved_cs_client     = @@character_set_client */;
/*!40101 SET character_set_client = utf8 */;
CREATE TABLE `c_preference_show_attributes` (
  `deleted_at` datetime DEFAULT NULL,
  `deleted` tinyint(1) DEFAULT NULL,
  `created_at` datetime DEFAULT NULL,
  `updated_at` datetime DEFAULT NULL,
  `id` int(11) NOT NULL AUTO_INCREMENT,
  `uid` int(11) NOT NULL,
  `type_id` int(11) NOT NULL,
  `attr_id` int(11) DEFAULT NULL,
  `order` smallint(6) DEFAULT NULL,
  PRIMARY KEY (`id`),
  KEY `type_id` (`type_id`),
  KEY `attr_id` (`attr_id`),
  KEY `ix_c_preference_show_attributes_uid` (`uid`),
  KEY `ix_c_preference_show_attributes_deleted` (`deleted`),
  CONSTRAINT `c_preference_show_attributes_ibfk_1` FOREIGN KEY (`type_id`) REFERENCES `c_ci_types` (`id`),
  CONSTRAINT `c_preference_show_attributes_ibfk_2` FOREIGN KEY (`attr_id`) REFERENCES `c_attributes` (`id`)
) ENGINE=InnoDB AUTO_INCREMENT=16 DEFAULT CHARSET=utf8;
/*!40101 SET character_set_client = @saved_cs_client */;

--
-- Dumping data for table `c_preference_show_attributes`
--

LOCK TABLES `c_preference_show_attributes` WRITE;
/*!40000 ALTER TABLE `c_preference_show_attributes` DISABLE KEYS */;
INSERT INTO `c_preference_show_attributes` VALUES (NULL,0,'2019-08-25 12:04:34',NULL,1,2,3,4,0),(NULL,0,'2019-08-25 12:04:34',NULL,2,2,3,14,1),(NULL,0,'2019-08-25 12:04:34',NULL,3,2,3,10,2),(NULL,0,'2019-08-25 12:04:34',NULL,4,2,3,11,3),(NULL,0,'2019-08-25 12:04:34',NULL,5,2,3,12,4),(NULL,0,'2019-08-25 12:04:34',NULL,6,2,3,13,5),(NULL,0,'2019-08-25 12:06:18',NULL,7,2,4,29,0),(NULL,0,'2019-08-25 12:06:19',NULL,8,2,4,17,1),(NULL,0,'2019-08-25 12:06:19',NULL,9,2,4,28,2),(NULL,0,'2019-08-25 12:06:19',NULL,10,2,4,11,3),(NULL,0,'2019-08-25 12:06:19',NULL,11,2,4,16,4),(NULL,0,'2019-08-25 12:06:19',NULL,12,2,4,15,5),(NULL,0,'2019-08-25 12:06:19',NULL,13,2,4,18,6),(NULL,0,'2019-08-25 12:06:19',NULL,14,2,4,19,7),(NULL,0,'2019-08-25 12:06:19',NULL,15,2,4,5,8);
/*!40000 ALTER TABLE `c_preference_show_attributes` ENABLE KEYS */;
UNLOCK TABLES;

--
-- Table structure for table `c_preference_tree_views`
--

DROP TABLE IF EXISTS `c_preference_tree_views`;
/*!40101 SET @saved_cs_client     = @@character_set_client */;
/*!40101 SET character_set_client = utf8 */;
CREATE TABLE `c_preference_tree_views` (
  `deleted_at` datetime DEFAULT NULL,
  `deleted` tinyint(1) DEFAULT NULL,
  `created_at` datetime DEFAULT NULL,
  `updated_at` datetime DEFAULT NULL,
  `id` int(11) NOT NULL AUTO_INCREMENT,
  `uid` int(11) NOT NULL,
  `type_id` int(11) NOT NULL,
  `levels` text,
  PRIMARY KEY (`id`),
  KEY `type_id` (`type_id`),
  KEY `ix_c_preference_tree_views_deleted` (`deleted`),
  KEY `ix_c_preference_tree_views_uid` (`uid`),
  CONSTRAINT `c_preference_tree_views_ibfk_1` FOREIGN KEY (`type_id`) REFERENCES `c_ci_types` (`id`)
) ENGINE=InnoDB AUTO_INCREMENT=2 DEFAULT CHARSET=utf8;
/*!40101 SET character_set_client = @saved_cs_client */;

--
-- Dumping data for table `c_preference_tree_views`
--

LOCK TABLES `c_preference_tree_views` WRITE;
/*!40000 ALTER TABLE `c_preference_tree_views` DISABLE KEYS */;
INSERT INTO `c_preference_tree_views` VALUES (NULL,0,'2019-08-25 12:06:14',NULL,1,2,4,'29,28,17');
/*!40000 ALTER TABLE `c_preference_tree_views` ENABLE KEYS */;
UNLOCK TABLES;

--
-- Table structure for table `c_records`
--

DROP TABLE IF EXISTS `c_records`;
/*!40101 SET @saved_cs_client     = @@character_set_client */;
/*!40101 SET character_set_client = utf8 */;
CREATE TABLE `c_records` (
  `deleted_at` datetime DEFAULT NULL,
  `deleted` tinyint(1) DEFAULT NULL,
  `created_at` datetime DEFAULT NULL,
  `updated_at` datetime DEFAULT NULL,
  `id` int(11) NOT NULL AUTO_INCREMENT,
  `uid` int(11) NOT NULL,
  `origin` varchar(32) DEFAULT NULL,
  `ticket_id` varchar(32) DEFAULT NULL,
  `reason` text,
  PRIMARY KEY (`id`),
  KEY `ix_c_records_uid` (`uid`),
  KEY `ix_c_records_deleted` (`deleted`)
) ENGINE=InnoDB AUTO_INCREMENT=757 DEFAULT CHARSET=utf8;
/*!40101 SET character_set_client = @saved_cs_client */;

--
-- Dumping data for table `c_records`
--

LOCK TABLES `c_records` WRITE;
/*!40000 ALTER TABLE `c_records` DISABLE KEYS */;
INSERT INTO `c_records` VALUES (NULL,0,'2019-08-25 12:11:29',NULL,1,2,NULL,NULL,NULL),(NULL,0,'2019-08-25 12:11:29',NULL,2,2,NULL,NULL,NULL),(NULL,0,'2019-08-25 12:11:29',NULL,3,2,NULL,NULL,NULL),(NULL,0,'2019-08-25 12:11:29',NULL,4,2,NULL,NULL,NULL),(NULL,0,'2019-08-25 12:11:29',NULL,5,2,NULL,NULL,NULL),(NULL,0,'2019-08-25 12:11:29',NULL,6,2,NULL,NULL,NULL),(NULL,0,'2019-08-25 12:14:58',NULL,7,2,NULL,NULL,NULL),(NULL,0,'2019-08-25 12:14:58',NULL,8,2,NULL,NULL,NULL),(NULL,0,'2019-08-25 12:14:58',NULL,9,2,NULL,NULL,NULL),(NULL,0,'2019-08-25 12:14:58',NULL,10,2,NULL,NULL,NULL),(NULL,0,'2019-08-25 12:14:58',NULL,11,2,NULL,NULL,NULL),(NULL,0,'2019-08-25 12:14:58',NULL,12,2,NULL,NULL,NULL),(NULL,0,'2019-08-25 12:14:58',NULL,13,2,NULL,NULL,NULL),(NULL,0,'2019-08-25 12:14:58',NULL,14,2,NULL,NULL,NULL),(NULL,0,'2019-08-25 12:14:58',NULL,15,2,NULL,NULL,NULL),(NULL,0,'2019-08-25 12:14:58',NULL,16,2,NULL,NULL,NULL),(NULL,0,'2019-08-25 12:14:58',NULL,17,2,NULL,NULL,NULL),(NULL,0,'2019-08-25 12:14:58',NULL,18,2,NULL,NULL,NULL),(NULL,0,'2019-08-25 12:14:58',NULL,19,2,NULL,NULL,NULL),(NULL,0,'2019-08-25 12:14:58',NULL,20,2,NULL,NULL,NULL),(NULL,0,'2019-08-25 12:14:58',NULL,21,2,NULL,NULL,NULL),(NULL,0,'2019-08-25 13:35:56',NULL,22,2,NULL,NULL,NULL),(NULL,0,'2019-08-25 13:35:56',NULL,23,2,NULL,NULL,NULL),(NULL,0,'2019-08-25 13:35:56',NULL,24,2,NULL,NULL,NULL),(NULL,0,'2019-08-25 13:35:56',NULL,25,2,NULL,NULL,NULL),(NULL,0,'2019-08-25 13:35:56',NULL,26,2,NULL,NULL,NULL),(NULL,0,'2019-08-25 13:35:56',NULL,27,2,NULL,NULL,NULL),(NULL,0,'2019-08-25 13:35:56',NULL,28,2,NULL,NULL,NULL),(NULL,0,'2019-08-25 13:35:56',NULL,29,2,NULL,NULL,NULL),(NULL,0,'2019-08-25 13:35:56',NULL,30,2,NULL,NULL,NULL),(NULL,0,'2019-08-25 13:35:56',NULL,31,2,NULL,NULL,NULL),(NULL,0,'2019-08-25 13:35:56',NULL,32,2,NULL,NULL,NULL),(NULL,0,'2019-08-25 13:35:56',NULL,33,2,NULL,NULL,NULL),(NULL,0,'2019-08-25 13:35:56',NULL,34,2,NULL,NULL,NULL),(NULL,0,'2019-08-25 13:35:56',NULL,35,2,NULL,NULL,NULL),(NULL,0,'2019-08-25 13:35:56',NULL,36,2,NULL,NULL,NULL),(NULL,0,'2019-08-25 13:35:56',NULL,37,2,NULL,NULL,NULL),(NULL,0,'2019-08-25 13:35:56',NULL,38,2,NULL,NULL,NULL),(NULL,0,'2019-08-25 13:35:56',NULL,39,2,NULL,NULL,NULL),(NULL,0,'2019-08-25 13:35:56',NULL,40,2,NULL,NULL,NULL),(NULL,0,'2019-08-25 13:35:56',NULL,41,2,NULL,NULL,NULL),(NULL,0,'2019-08-25 13:35:56',NULL,42,2,NULL,NULL,NULL),(NULL,0,'2019-08-25 13:35:56',NULL,43,2,NULL,NULL,NULL),(NULL,0,'2019-08-25 13:35:56',NULL,44,2,NULL,NULL,NULL),(NULL,0,'2019-08-25 13:35:56',NULL,45,2,NULL,NULL,NULL),(NULL,0,'2019-08-25 13:35:56',NULL,46,2,NULL,NULL,NULL),(NULL,0,'2019-08-25 13:35:56',NULL,47,2,NULL,NULL,NULL),(NULL,0,'2019-08-25 13:35:56',NULL,48,2,NULL,NULL,NULL),(NULL,0,'2019-08-25 13:35:56',NULL,49,2,NULL,NULL,NULL),(NULL,0,'2019-08-25 13:35:56',NULL,50,2,NULL,NULL,NULL),(NULL,0,'2019-08-25 13:35:56',NULL,51,2,NULL,NULL,NULL),(NULL,0,'2019-08-25 13:35:56',NULL,52,2,NULL,NULL,NULL),(NULL,0,'2019-08-25 13:35:56',NULL,53,2,NULL,NULL,NULL),(NULL,0,'2019-08-25 13:35:56',NULL,54,2,NULL,NULL,NULL),(NULL,0,'2019-08-25 13:35:56',NULL,55,2,NULL,NULL,NULL),(NULL,0,'2019-08-25 13:35:57',NULL,56,2,NULL,NULL,NULL),(NULL,0,'2019-08-25 13:35:57',NULL,57,2,NULL,NULL,NULL),(NULL,0,'2019-08-25 13:35:57',NULL,58,2,NULL,NULL,NULL),(NULL,0,'2019-08-25 13:35:57',NULL,59,2,NULL,NULL,NULL),(NULL,0,'2019-08-25 13:35:57',NULL,60,2,NULL,NULL,NULL),(NULL,0,'2019-08-25 13:35:57',NULL,61,2,NULL,NULL,NULL),(NULL,0,'2019-08-25 13:35:57',NULL,62,2,NULL,NULL,NULL),(NULL,0,'2019-08-25 13:35:57',NULL,63,2,NULL,NULL,NULL),(NULL,0,'2019-08-25 13:35:57',NULL,64,2,NULL,NULL,NULL),(NULL,0,'2019-08-25 13:35:57',NULL,65,2,NULL,NULL,NULL),(NULL,0,'2019-08-25 13:35:57',NULL,66,2,NULL,NULL,NULL),(NULL,0,'2019-08-25 13:35:57',NULL,67,2,NULL,NULL,NULL),(NULL,0,'2019-08-25 13:35:57',NULL,68,2,NULL,NULL,NULL),(NULL,0,'2019-08-25 13:35:57',NULL,69,2,NULL,NULL,NULL),(NULL,0,'2019-08-25 13:35:57',NULL,70,2,NULL,NULL,NULL),(NULL,0,'2019-08-25 13:35:57',NULL,71,2,NULL,NULL,NULL),(NULL,0,'2019-08-25 13:35:57',NULL,72,2,NULL,NULL,NULL),(NULL,0,'2019-08-25 13:35:57',NULL,73,2,NULL,NULL,NULL),(NULL,0,'2019-08-25 13:35:57',NULL,74,2,NULL,NULL,NULL),(NULL,0,'2019-08-25 13:35:57',NULL,75,2,NULL,NULL,NULL),(NULL,0,'2019-08-25 13:35:57',NULL,76,2,NULL,NULL,NULL),(NULL,0,'2019-08-25 13:35:57',NULL,77,2,NULL,NULL,NULL),(NULL,0,'2019-08-25 13:35:57',NULL,78,2,NULL,NULL,NULL),(NULL,0,'2019-08-25 13:35:57',NULL,79,2,NULL,NULL,NULL),(NULL,0,'2019-08-25 13:35:57',NULL,80,2,NULL,NULL,NULL),(NULL,0,'2019-08-25 13:35:57',NULL,81,2,NULL,NULL,NULL),(NULL,0,'2019-08-25 13:35:57',NULL,82,2,NULL,NULL,NULL),(NULL,0,'2019-08-25 13:35:57',NULL,83,2,NULL,NULL,NULL),(NULL,0,'2019-08-25 13:35:57',NULL,84,2,NULL,NULL,NULL),(NULL,0,'2019-08-25 13:35:57',NULL,85,2,NULL,NULL,NULL),(NULL,0,'2019-08-25 13:35:57',NULL,86,2,NULL,NULL,NULL),(NULL,0,'2019-08-25 13:35:57',NULL,87,2,NULL,NULL,NULL),(NULL,0,'2019-08-25 13:35:57',NULL,88,2,NULL,NULL,NULL),(NULL,0,'2019-08-25 13:35:57',NULL,89,2,NULL,NULL,NULL),(NULL,0,'2019-08-25 13:35:57',NULL,90,2,NULL,NULL,NULL),(NULL,0,'2019-08-25 13:35:57',NULL,91,2,NULL,NULL,NULL),(NULL,0,'2019-08-25 13:35:57',NULL,92,2,NULL,NULL,NULL),(NULL,0,'2019-08-25 13:35:57',NULL,93,2,NULL,NULL,NULL),(NULL,0,'2019-08-25 13:35:57',NULL,94,2,NULL,NULL,NULL),(NULL,0,'2019-08-25 13:35:57',NULL,95,2,NULL,NULL,NULL),(NULL,0,'2019-08-25 13:35:57',NULL,96,2,NULL,NULL,NULL),(NULL,0,'2019-08-25 13:35:57',NULL,97,2,NULL,NULL,NULL),(NULL,0,'2019-08-25 13:35:57',NULL,98,2,NULL,NULL,NULL),(NULL,0,'2019-08-25 13:35:57',NULL,99,2,NULL,NULL,NULL),(NULL,0,'2019-08-25 13:35:57',NULL,100,2,NULL,NULL,NULL),(NULL,0,'2019-08-25 13:35:57',NULL,101,2,NULL,NULL,NULL),(NULL,0,'2019-08-25 13:35:58',NULL,102,2,NULL,NULL,NULL),(NULL,0,'2019-08-25 13:35:58',NULL,103,2,NULL,NULL,NULL),(NULL,0,'2019-08-25 13:35:58',NULL,104,2,NULL,NULL,NULL),(NULL,0,'2019-08-25 13:35:58',NULL,105,2,NULL,NULL,NULL),(NULL,0,'2019-08-25 13:35:58',NULL,106,2,NULL,NULL,NULL),(NULL,0,'2019-08-25 13:35:58',NULL,107,2,NULL,NULL,NULL),(NULL,0,'2019-08-25 13:35:58',NULL,108,2,NULL,NULL,NULL),(NULL,0,'2019-08-25 13:35:58',NULL,109,2,NULL,NULL,NULL),(NULL,0,'2019-08-25 13:35:58',NULL,110,2,NULL,NULL,NULL),(NULL,0,'2019-08-25 13:35:58',NULL,111,2,NULL,NULL,NULL),(NULL,0,'2019-08-25 13:35:58',NULL,112,2,NULL,NULL,NULL),(NULL,0,'2019-08-25 13:35:58',NULL,113,2,NULL,NULL,NULL),(NULL,0,'2019-08-25 13:35:58',NULL,114,2,NULL,NULL,NULL),(NULL,0,'2019-08-25 13:35:58',NULL,115,2,NULL,NULL,NULL),(NULL,0,'2019-08-25 13:35:58',NULL,116,2,NULL,NULL,NULL),(NULL,0,'2019-08-25 13:35:58',NULL,117,2,NULL,NULL,NULL),(NULL,0,'2019-08-25 13:35:58',NULL,118,2,NULL,NULL,NULL),(NULL,0,'2019-08-25 13:35:58',NULL,119,2,NULL,NULL,NULL),(NULL,0,'2019-08-25 13:35:58',NULL,120,2,NULL,NULL,NULL),(NULL,0,'2019-08-25 13:35:58',NULL,121,2,NULL,NULL,NULL),(NULL,0,'2019-08-25 13:35:58',NULL,122,2,NULL,NULL,NULL),(NULL,0,'2019-08-25 13:35:58',NULL,123,2,NULL,NULL,NULL),(NULL,0,'2019-08-25 13:35:58',NULL,124,2,NULL,NULL,NULL),(NULL,0,'2019-08-25 13:35:58',NULL,125,2,NULL,NULL,NULL),(NULL,0,'2019-08-25 13:35:58',NULL,126,2,NULL,NULL,NULL),(NULL,0,'2019-08-25 13:35:58',NULL,127,2,NULL,NULL,NULL),(NULL,0,'2019-08-25 13:35:58',NULL,128,2,NULL,NULL,NULL),(NULL,0,'2019-08-25 13:35:58',NULL,129,2,NULL,NULL,NULL),(NULL,0,'2019-08-25 13:35:58',NULL,130,2,NULL,NULL,NULL),(NULL,0,'2019-08-25 13:35:58',NULL,131,2,NULL,NULL,NULL),(NULL,0,'2019-08-25 13:35:58',NULL,132,2,NULL,NULL,NULL),(NULL,0,'2019-08-25 13:35:58',NULL,133,2,NULL,NULL,NULL),(NULL,0,'2019-08-25 13:35:58',NULL,134,2,NULL,NULL,NULL),(NULL,0,'2019-08-25 13:35:58',NULL,135,2,NULL,NULL,NULL),(NULL,0,'2019-08-25 13:35:58',NULL,136,2,NULL,NULL,NULL),(NULL,0,'2019-08-25 13:35:58',NULL,137,2,NULL,NULL,NULL),(NULL,0,'2019-08-25 13:35:58',NULL,138,2,NULL,NULL,NULL),(NULL,0,'2019-08-25 13:35:58',NULL,139,2,NULL,NULL,NULL),(NULL,0,'2019-08-25 13:35:58',NULL,140,2,NULL,NULL,NULL),(NULL,0,'2019-08-25 13:35:58',NULL,141,2,NULL,NULL,NULL),(NULL,0,'2019-08-25 13:35:58',NULL,142,2,NULL,NULL,NULL),(NULL,0,'2019-08-25 13:35:58',NULL,143,2,NULL,NULL,NULL),(NULL,0,'2019-08-25 13:35:58',NULL,144,2,NULL,NULL,NULL),(NULL,0,'2019-08-25 13:35:58',NULL,145,2,NULL,NULL,NULL),(NULL,0,'2019-08-25 13:35:58',NULL,146,2,NULL,NULL,NULL),(NULL,0,'2019-08-25 13:35:58',NULL,147,2,NULL,NULL,NULL),(NULL,0,'2019-08-25 13:35:58',NULL,148,2,NULL,NULL,NULL),(NULL,0,'2019-08-25 13:35:58',NULL,149,2,NULL,NULL,NULL),(NULL,0,'2019-08-25 13:35:58',NULL,150,2,NULL,NULL,NULL),(NULL,0,'2019-08-25 13:35:58',NULL,151,2,NULL,NULL,NULL),(NULL,0,'2019-08-25 13:35:58',NULL,152,2,NULL,NULL,NULL),(NULL,0,'2019-08-25 13:35:58',NULL,153,2,NULL,NULL,NULL),(NULL,0,'2019-08-25 13:35:58',NULL,154,2,NULL,NULL,NULL),(NULL,0,'2019-08-25 13:35:58',NULL,155,2,NULL,NULL,NULL),(NULL,0,'2019-08-25 13:35:58',NULL,156,2,NULL,NULL,NULL),(NULL,0,'2019-08-25 13:35:58',NULL,157,2,NULL,NULL,NULL),(NULL,0,'2019-08-25 13:35:59',NULL,158,2,NULL,NULL,NULL),(NULL,0,'2019-08-25 13:35:59',NULL,159,2,NULL,NULL,NULL),(NULL,0,'2019-08-25 13:35:59',NULL,160,2,NULL,NULL,NULL),(NULL,0,'2019-08-25 13:35:59',NULL,161,2,NULL,NULL,NULL),(NULL,0,'2019-08-25 13:35:59',NULL,162,2,NULL,NULL,NULL),(NULL,0,'2019-08-25 13:35:59',NULL,163,2,NULL,NULL,NULL),(NULL,0,'2019-08-25 13:35:59',NULL,164,2,NULL,NULL,NULL),(NULL,0,'2019-08-25 13:35:59',NULL,165,2,NULL,NULL,NULL),(NULL,0,'2019-08-25 13:35:59',NULL,166,2,NULL,NULL,NULL),(NULL,0,'2019-08-25 13:35:59',NULL,167,2,NULL,NULL,NULL),(NULL,0,'2019-08-25 13:35:59',NULL,168,2,NULL,NULL,NULL),(NULL,0,'2019-08-25 13:35:59',NULL,169,2,NULL,NULL,NULL),(NULL,0,'2019-08-25 13:35:59',NULL,170,2,NULL,NULL,NULL),(NULL,0,'2019-08-25 13:35:59',NULL,171,2,NULL,NULL,NULL),(NULL,0,'2019-08-25 13:35:59',NULL,172,2,NULL,NULL,NULL),(NULL,0,'2019-08-25 13:35:59',NULL,173,2,NULL,NULL,NULL),(NULL,0,'2019-08-25 13:35:59',NULL,174,2,NULL,NULL,NULL),(NULL,0,'2019-08-25 13:35:59',NULL,175,2,NULL,NULL,NULL),(NULL,0,'2019-08-25 13:35:59',NULL,176,2,NULL,NULL,NULL),(NULL,0,'2019-08-25 13:35:59',NULL,177,2,NULL,NULL,NULL),(NULL,0,'2019-08-25 13:35:59',NULL,178,2,NULL,NULL,NULL),(NULL,0,'2019-08-25 13:35:59',NULL,179,2,NULL,NULL,NULL),(NULL,0,'2019-08-25 13:35:59',NULL,180,2,NULL,NULL,NULL),(NULL,0,'2019-08-25 13:35:59',NULL,181,2,NULL,NULL,NULL),(NULL,0,'2019-08-25 13:35:59',NULL,182,2,NULL,NULL,NULL),(NULL,0,'2019-08-25 13:35:59',NULL,183,2,NULL,NULL,NULL),(NULL,0,'2019-08-25 13:35:59',NULL,184,2,NULL,NULL,NULL),(NULL,0,'2019-08-25 13:35:59',NULL,185,2,NULL,NULL,NULL),(NULL,0,'2019-08-25 13:35:59',NULL,186,2,NULL,NULL,NULL),(NULL,0,'2019-08-25 13:35:59',NULL,187,2,NULL,NULL,NULL),(NULL,0,'2019-08-25 13:35:59',NULL,188,2,NULL,NULL,NULL),(NULL,0,'2019-08-25 13:35:59',NULL,189,2,NULL,NULL,NULL),(NULL,0,'2019-08-25 13:35:59',NULL,190,2,NULL,NULL,NULL),(NULL,0,'2019-08-25 13:35:59',NULL,191,2,NULL,NULL,NULL),(NULL,0,'2019-08-25 13:35:59',NULL,192,2,NULL,NULL,NULL),(NULL,0,'2019-08-25 13:35:59',NULL,193,2,NULL,NULL,NULL),(NULL,0,'2019-08-25 13:35:59',NULL,194,2,NULL,NULL,NULL),(NULL,0,'2019-08-25 13:35:59',NULL,195,2,NULL,NULL,NULL),(NULL,0,'2019-08-25 13:36:00',NULL,196,2,NULL,NULL,NULL),(NULL,0,'2019-08-25 13:36:00',NULL,197,2,NULL,NULL,NULL),(NULL,0,'2019-08-25 13:36:00',NULL,198,2,NULL,NULL,NULL),(NULL,0,'2019-08-25 13:36:00',NULL,199,2,NULL,NULL,NULL),(NULL,0,'2019-08-25 13:36:00',NULL,200,2,NULL,NULL,NULL),(NULL,0,'2019-08-25 13:36:00',NULL,201,2,NULL,NULL,NULL),(NULL,0,'2019-08-25 13:36:00',NULL,202,2,NULL,NULL,NULL),(NULL,0,'2019-08-25 13:36:00',NULL,203,2,NULL,NULL,NULL),(NULL,0,'2019-08-25 13:36:00',NULL,204,2,NULL,NULL,NULL),(NULL,0,'2019-08-25 13:36:00',NULL,205,2,NULL,NULL,NULL),(NULL,0,'2019-08-25 13:36:00',NULL,206,2,NULL,NULL,NULL),(NULL,0,'2019-08-25 13:36:00',NULL,207,2,NULL,NULL,NULL),(NULL,0,'2019-08-25 13:36:00',NULL,208,2,NULL,NULL,NULL),(NULL,0,'2019-08-25 13:36:00',NULL,209,2,NULL,NULL,NULL),(NULL,0,'2019-08-25 13:36:00',NULL,210,2,NULL,NULL,NULL),(NULL,0,'2019-08-25 13:36:00',NULL,211,2,NULL,NULL,NULL),(NULL,0,'2019-08-25 13:36:00',NULL,212,2,NULL,NULL,NULL),(NULL,0,'2019-08-25 13:36:00',NULL,213,2,NULL,NULL,NULL),(NULL,0,'2019-08-25 13:36:00',NULL,214,2,NULL,NULL,NULL),(NULL,0,'2019-08-25 13:36:00',NULL,215,2,NULL,NULL,NULL),(NULL,0,'2019-08-25 13:36:00',NULL,216,2,NULL,NULL,NULL),(NULL,0,'2019-08-25 13:36:00',NULL,217,2,NULL,NULL,NULL),(NULL,0,'2019-08-25 13:36:00',NULL,218,2,NULL,NULL,NULL),(NULL,0,'2019-08-25 13:36:00',NULL,219,2,NULL,NULL,NULL),(NULL,0,'2019-08-25 13:36:00',NULL,220,2,NULL,NULL,NULL),(NULL,0,'2019-08-25 13:36:00',NULL,221,2,NULL,NULL,NULL),(NULL,0,'2019-08-25 13:36:00',NULL,222,2,NULL,NULL,NULL),(NULL,0,'2019-08-25 13:36:00',NULL,223,2,NULL,NULL,NULL),(NULL,0,'2019-08-25 13:36:00',NULL,224,2,NULL,NULL,NULL),(NULL,0,'2019-08-25 13:36:00',NULL,225,2,NULL,NULL,NULL),(NULL,0,'2019-08-25 13:36:00',NULL,226,2,NULL,NULL,NULL),(NULL,0,'2019-08-25 13:36:00',NULL,227,2,NULL,NULL,NULL),(NULL,0,'2019-08-25 13:36:00',NULL,228,2,NULL,NULL,NULL),(NULL,0,'2019-08-25 13:36:00',NULL,229,2,NULL,NULL,NULL),(NULL,0,'2019-08-25 13:36:00',NULL,230,2,NULL,NULL,NULL),(NULL,0,'2019-08-25 13:36:00',NULL,231,2,NULL,NULL,NULL),(NULL,0,'2019-08-25 13:36:00',NULL,232,2,NULL,NULL,NULL),(NULL,0,'2019-08-25 13:36:00',NULL,233,2,NULL,NULL,NULL),(NULL,0,'2019-08-25 13:36:00',NULL,234,2,NULL,NULL,NULL),(NULL,0,'2019-08-25 13:36:00',NULL,235,2,NULL,NULL,NULL),(NULL,0,'2019-08-25 13:36:00',NULL,236,2,NULL,NULL,NULL),(NULL,0,'2019-08-25 13:36:00',NULL,237,2,NULL,NULL,NULL),(NULL,0,'2019-08-25 13:36:00',NULL,238,2,NULL,NULL,NULL),(NULL,0,'2019-08-25 13:36:00',NULL,239,2,NULL,NULL,NULL),(NULL,0,'2019-08-25 13:36:00',NULL,240,2,NULL,NULL,NULL),(NULL,0,'2019-08-25 13:36:00',NULL,241,2,NULL,NULL,NULL),(NULL,0,'2019-08-25 13:36:00',NULL,242,2,NULL,NULL,NULL),(NULL,0,'2019-08-25 13:36:00',NULL,243,2,NULL,NULL,NULL),(NULL,0,'2019-08-25 13:36:00',NULL,244,2,NULL,NULL,NULL),(NULL,0,'2019-08-25 13:36:01',NULL,245,2,NULL,NULL,NULL),(NULL,0,'2019-08-25 13:36:01',NULL,246,2,NULL,NULL,NULL),(NULL,0,'2019-08-25 13:36:01',NULL,247,2,NULL,NULL,NULL),(NULL,0,'2019-08-25 13:36:01',NULL,248,2,NULL,NULL,NULL),(NULL,0,'2019-08-25 13:36:01',NULL,249,2,NULL,NULL,NULL),(NULL,0,'2019-08-25 13:36:01',NULL,250,2,NULL,NULL,NULL),(NULL,0,'2019-08-25 13:36:01',NULL,251,2,NULL,NULL,NULL),(NULL,0,'2019-08-25 13:36:01',NULL,252,2,NULL,NULL,NULL),(NULL,0,'2019-08-25 13:36:01',NULL,253,2,NULL,NULL,NULL),(NULL,0,'2019-08-25 13:36:01',NULL,254,2,NULL,NULL,NULL),(NULL,0,'2019-08-25 13:36:01',NULL,255,2,NULL,NULL,NULL),(NULL,0,'2019-08-25 13:36:01',NULL,256,2,NULL,NULL,NULL),(NULL,0,'2019-08-25 13:36:01',NULL,257,2,NULL,NULL,NULL),(NULL,0,'2019-08-25 13:36:01',NULL,258,2,NULL,NULL,NULL),(NULL,0,'2019-08-25 13:36:01',NULL,259,2,NULL,NULL,NULL),(NULL,0,'2019-08-25 13:36:01',NULL,260,2,NULL,NULL,NULL),(NULL,0,'2019-08-25 13:36:01',NULL,261,2,NULL,NULL,NULL),(NULL,0,'2019-08-25 13:36:01',NULL,262,2,NULL,NULL,NULL),(NULL,0,'2019-08-25 13:36:01',NULL,263,2,NULL,NULL,NULL),(NULL,0,'2019-08-25 13:36:01',NULL,264,2,NULL,NULL,NULL),(NULL,0,'2019-08-25 13:36:01',NULL,265,2,NULL,NULL,NULL),(NULL,0,'2019-08-25 13:36:01',NULL,266,2,NULL,NULL,NULL),(NULL,0,'2019-08-25 13:36:01',NULL,267,2,NULL,NULL,NULL),(NULL,0,'2019-08-25 13:36:01',NULL,268,2,NULL,NULL,NULL),(NULL,0,'2019-08-25 13:36:01',NULL,269,2,NULL,NULL,NULL),(NULL,0,'2019-08-25 13:36:01',NULL,270,2,NULL,NULL,NULL),(NULL,0,'2019-08-25 13:36:01',NULL,271,2,NULL,NULL,NULL),(NULL,0,'2019-08-25 13:36:01',NULL,272,2,NULL,NULL,NULL),(NULL,0,'2019-08-25 13:36:01',NULL,273,2,NULL,NULL,NULL),(NULL,0,'2019-08-25 13:36:01',NULL,274,2,NULL,NULL,NULL),(NULL,0,'2019-08-25 13:36:01',NULL,275,2,NULL,NULL,NULL),(NULL,0,'2019-08-25 13:36:01',NULL,276,2,NULL,NULL,NULL),(NULL,0,'2019-08-25 13:36:01',NULL,277,2,NULL,NULL,NULL),(NULL,0,'2019-08-25 13:36:01',NULL,278,2,NULL,NULL,NULL),(NULL,0,'2019-08-25 13:36:01',NULL,279,2,NULL,NULL,NULL),(NULL,0,'2019-08-25 13:36:01',NULL,280,2,NULL,NULL,NULL),(NULL,0,'2019-08-25 13:36:01',NULL,281,2,NULL,NULL,NULL),(NULL,0,'2019-08-25 13:36:01',NULL,282,2,NULL,NULL,NULL),(NULL,0,'2019-08-25 13:36:01',NULL,283,2,NULL,NULL,NULL),(NULL,0,'2019-08-25 13:36:02',NULL,284,2,NULL,NULL,NULL),(NULL,0,'2019-08-25 13:36:02',NULL,285,2,NULL,NULL,NULL),(NULL,0,'2019-08-25 13:36:02',NULL,286,2,NULL,NULL,NULL),(NULL,0,'2019-08-25 13:36:02',NULL,287,2,NULL,NULL,NULL),(NULL,0,'2019-08-25 13:36:02',NULL,288,2,NULL,NULL,NULL),(NULL,0,'2019-08-25 13:36:02',NULL,289,2,NULL,NULL,NULL),(NULL,0,'2019-08-25 13:36:02',NULL,290,2,NULL,NULL,NULL),(NULL,0,'2019-08-25 13:36:02',NULL,291,2,NULL,NULL,NULL),(NULL,0,'2019-08-25 13:36:02',NULL,292,2,NULL,NULL,NULL),(NULL,0,'2019-08-25 13:36:02',NULL,293,2,NULL,NULL,NULL),(NULL,0,'2019-08-25 13:36:02',NULL,294,2,NULL,NULL,NULL),(NULL,0,'2019-08-25 13:36:02',NULL,295,2,NULL,NULL,NULL),(NULL,0,'2019-08-25 13:36:02',NULL,296,2,NULL,NULL,NULL),(NULL,0,'2019-08-25 13:36:02',NULL,297,2,NULL,NULL,NULL),(NULL,0,'2019-08-25 13:36:02',NULL,298,2,NULL,NULL,NULL),(NULL,0,'2019-08-25 13:36:02',NULL,299,2,NULL,NULL,NULL),(NULL,0,'2019-08-25 13:36:02',NULL,300,2,NULL,NULL,NULL),(NULL,0,'2019-08-25 13:36:02',NULL,301,2,NULL,NULL,NULL),(NULL,0,'2019-08-25 13:36:03',NULL,302,2,NULL,NULL,NULL),(NULL,0,'2019-08-25 13:36:03',NULL,303,2,NULL,NULL,NULL),(NULL,0,'2019-08-25 13:36:03',NULL,304,2,NULL,NULL,NULL),(NULL,0,'2019-08-25 13:36:03',NULL,305,2,NULL,NULL,NULL),(NULL,0,'2019-08-25 13:36:03',NULL,306,2,NULL,NULL,NULL),(NULL,0,'2019-08-25 13:36:03',NULL,307,2,NULL,NULL,NULL),(NULL,0,'2019-08-25 13:36:03',NULL,308,2,NULL,NULL,NULL),(NULL,0,'2019-08-25 13:36:03',NULL,309,2,NULL,NULL,NULL),(NULL,0,'2019-08-25 13:36:03',NULL,310,2,NULL,NULL,NULL),(NULL,0,'2019-08-25 13:36:03',NULL,311,2,NULL,NULL,NULL),(NULL,0,'2019-08-25 13:36:03',NULL,312,2,NULL,NULL,NULL),(NULL,0,'2019-08-25 13:36:03',NULL,313,2,NULL,NULL,NULL),(NULL,0,'2019-08-25 13:36:03',NULL,314,2,NULL,NULL,NULL),(NULL,0,'2019-08-25 13:36:03',NULL,315,2,NULL,NULL,NULL),(NULL,0,'2019-08-25 13:36:03',NULL,316,2,NULL,NULL,NULL),(NULL,0,'2019-08-25 13:36:03',NULL,317,2,NULL,NULL,NULL),(NULL,0,'2019-08-25 13:36:03',NULL,318,2,NULL,NULL,NULL),(NULL,0,'2019-08-25 13:36:03',NULL,319,2,NULL,NULL,NULL),(NULL,0,'2019-08-25 13:36:03',NULL,320,2,NULL,NULL,NULL),(NULL,0,'2019-08-25 13:36:03',NULL,321,2,NULL,NULL,NULL),(NULL,0,'2019-08-25 13:36:03',NULL,322,2,NULL,NULL,NULL),(NULL,0,'2019-08-25 13:36:03',NULL,323,2,NULL,NULL,NULL),(NULL,0,'2019-08-25 13:36:03',NULL,324,2,NULL,NULL,NULL),(NULL,0,'2019-08-25 13:36:03',NULL,325,2,NULL,NULL,NULL),(NULL,0,'2019-08-25 13:36:03',NULL,326,2,NULL,NULL,NULL),(NULL,0,'2019-08-25 13:36:03',NULL,327,2,NULL,NULL,NULL),(NULL,0,'2019-08-25 13:36:03',NULL,328,2,NULL,NULL,NULL),(NULL,0,'2019-08-25 13:36:03',NULL,329,2,NULL,NULL,NULL),(NULL,0,'2019-08-25 13:36:03',NULL,330,2,NULL,NULL,NULL),(NULL,0,'2019-08-25 13:36:03',NULL,331,2,NULL,NULL,NULL),(NULL,0,'2019-08-25 13:36:03',NULL,332,2,NULL,NULL,NULL),(NULL,0,'2019-08-25 13:36:03',NULL,333,2,NULL,NULL,NULL),(NULL,0,'2019-08-25 13:36:03',NULL,334,2,NULL,NULL,NULL),(NULL,0,'2019-08-25 13:36:03',NULL,335,2,NULL,NULL,NULL),(NULL,0,'2019-08-25 13:36:03',NULL,336,2,NULL,NULL,NULL),(NULL,0,'2019-08-25 13:36:03',NULL,337,2,NULL,NULL,NULL),(NULL,0,'2019-08-25 13:36:03',NULL,338,2,NULL,NULL,NULL),(NULL,0,'2019-08-25 13:36:03',NULL,339,2,NULL,NULL,NULL),(NULL,0,'2019-08-25 13:36:03',NULL,340,2,NULL,NULL,NULL),(NULL,0,'2019-08-25 13:36:03',NULL,341,2,NULL,NULL,NULL),(NULL,0,'2019-08-25 13:36:03',NULL,342,2,NULL,NULL,NULL),(NULL,0,'2019-08-25 13:36:03',NULL,343,2,NULL,NULL,NULL),(NULL,0,'2019-08-25 13:36:03',NULL,344,2,NULL,NULL,NULL),(NULL,0,'2019-08-25 13:36:03',NULL,345,2,NULL,NULL,NULL),(NULL,0,'2019-08-25 13:36:03',NULL,346,2,NULL,NULL,NULL),(NULL,0,'2019-08-25 13:36:03',NULL,347,2,NULL,NULL,NULL),(NULL,0,'2019-08-25 13:36:03',NULL,348,2,NULL,NULL,NULL),(NULL,0,'2019-08-25 13:36:03',NULL,349,2,NULL,NULL,NULL),(NULL,0,'2019-08-25 13:36:03',NULL,350,2,NULL,NULL,NULL),(NULL,0,'2019-08-25 13:36:03',NULL,351,2,NULL,NULL,NULL),(NULL,0,'2019-08-25 13:36:03',NULL,352,2,NULL,NULL,NULL),(NULL,0,'2019-08-25 13:36:03',NULL,353,2,NULL,NULL,NULL),(NULL,0,'2019-08-25 13:36:03',NULL,354,2,NULL,NULL,NULL),(NULL,0,'2019-08-25 13:36:03',NULL,355,2,NULL,NULL,NULL),(NULL,0,'2019-08-25 13:36:03',NULL,356,2,NULL,NULL,NULL),(NULL,0,'2019-08-25 13:36:03',NULL,357,2,NULL,NULL,NULL),(NULL,0,'2019-08-25 13:36:03',NULL,358,2,NULL,NULL,NULL),(NULL,0,'2019-08-25 13:36:04',NULL,359,2,NULL,NULL,NULL),(NULL,0,'2019-08-25 13:36:04',NULL,360,2,NULL,NULL,NULL),(NULL,0,'2019-08-25 13:36:04',NULL,361,2,NULL,NULL,NULL),(NULL,0,'2019-08-25 13:36:04',NULL,362,2,NULL,NULL,NULL),(NULL,0,'2019-08-25 13:36:04',NULL,363,2,NULL,NULL,NULL),(NULL,0,'2019-08-25 13:36:04',NULL,364,2,NULL,NULL,NULL),(NULL,0,'2019-08-25 13:36:04',NULL,365,2,NULL,NULL,NULL),(NULL,0,'2019-08-25 13:36:04',NULL,366,2,NULL,NULL,NULL),(NULL,0,'2019-08-25 13:36:04',NULL,367,2,NULL,NULL,NULL),(NULL,0,'2019-08-25 13:36:04',NULL,368,2,NULL,NULL,NULL),(NULL,0,'2019-08-25 13:36:04',NULL,369,2,NULL,NULL,NULL),(NULL,0,'2019-08-25 13:36:04',NULL,370,2,NULL,NULL,NULL),(NULL,0,'2019-08-25 13:36:04',NULL,371,2,NULL,NULL,NULL),(NULL,0,'2019-08-25 13:36:04',NULL,372,2,NULL,NULL,NULL),(NULL,0,'2019-08-25 13:36:04',NULL,373,2,NULL,NULL,NULL),(NULL,0,'2019-08-25 13:36:04',NULL,374,2,NULL,NULL,NULL),(NULL,0,'2019-08-25 13:36:04',NULL,375,2,NULL,NULL,NULL),(NULL,0,'2019-08-25 13:36:04',NULL,376,2,NULL,NULL,NULL),(NULL,0,'2019-08-25 13:36:04',NULL,377,2,NULL,NULL,NULL),(NULL,0,'2019-08-25 13:36:04',NULL,378,2,NULL,NULL,NULL),(NULL,0,'2019-08-25 13:36:04',NULL,379,2,NULL,NULL,NULL),(NULL,0,'2019-08-25 13:36:04',NULL,380,2,NULL,NULL,NULL),(NULL,0,'2019-08-25 13:36:04',NULL,381,2,NULL,NULL,NULL),(NULL,0,'2019-08-25 13:36:04',NULL,382,2,NULL,NULL,NULL),(NULL,0,'2019-08-25 13:36:04',NULL,383,2,NULL,NULL,NULL),(NULL,0,'2019-08-25 13:36:04',NULL,384,2,NULL,NULL,NULL),(NULL,0,'2019-08-25 13:36:04',NULL,385,2,NULL,NULL,NULL),(NULL,0,'2019-08-25 13:36:04',NULL,386,2,NULL,NULL,NULL),(NULL,0,'2019-08-25 13:36:04',NULL,387,2,NULL,NULL,NULL),(NULL,0,'2019-08-25 13:36:04',NULL,388,2,NULL,NULL,NULL),(NULL,0,'2019-08-25 13:36:04',NULL,389,2,NULL,NULL,NULL),(NULL,0,'2019-08-25 13:36:04',NULL,390,2,NULL,NULL,NULL),(NULL,0,'2019-08-25 13:36:04',NULL,391,2,NULL,NULL,NULL),(NULL,0,'2019-08-25 13:36:04',NULL,392,2,NULL,NULL,NULL),(NULL,0,'2019-08-25 13:36:04',NULL,393,2,NULL,NULL,NULL),(NULL,0,'2019-08-25 13:36:04',NULL,394,2,NULL,NULL,NULL),(NULL,0,'2019-08-25 13:36:04',NULL,395,2,NULL,NULL,NULL),(NULL,0,'2019-08-25 13:36:04',NULL,396,2,NULL,NULL,NULL),(NULL,0,'2019-08-25 13:36:04',NULL,397,2,NULL,NULL,NULL),(NULL,0,'2019-08-25 13:36:04',NULL,398,2,NULL,NULL,NULL),(NULL,0,'2019-08-25 13:36:04',NULL,399,2,NULL,NULL,NULL),(NULL,0,'2019-08-25 13:36:04',NULL,400,2,NULL,NULL,NULL),(NULL,0,'2019-08-25 13:36:04',NULL,401,2,NULL,NULL,NULL),(NULL,0,'2019-08-25 13:36:04',NULL,402,2,NULL,NULL,NULL),(NULL,0,'2019-08-25 13:36:04',NULL,403,2,NULL,NULL,NULL),(NULL,0,'2019-08-25 13:36:04',NULL,404,2,NULL,NULL,NULL),(NULL,0,'2019-08-25 13:36:04',NULL,405,2,NULL,NULL,NULL),(NULL,0,'2019-08-25 13:36:04',NULL,406,2,NULL,NULL,NULL),(NULL,0,'2019-08-25 13:36:04',NULL,407,2,NULL,NULL,NULL),(NULL,0,'2019-08-25 13:36:04',NULL,408,2,NULL,NULL,NULL),(NULL,0,'2019-08-25 13:36:04',NULL,409,2,NULL,NULL,NULL),(NULL,0,'2019-08-25 13:36:04',NULL,410,2,NULL,NULL,NULL),(NULL,0,'2019-08-25 13:36:04',NULL,411,2,NULL,NULL,NULL),(NULL,0,'2019-08-25 13:36:04',NULL,412,2,NULL,NULL,NULL),(NULL,0,'2019-08-25 13:36:05',NULL,413,2,NULL,NULL,NULL),(NULL,0,'2019-08-25 13:36:05',NULL,414,2,NULL,NULL,NULL),(NULL,0,'2019-08-25 13:36:05',NULL,415,2,NULL,NULL,NULL),(NULL,0,'2019-08-25 13:36:05',NULL,416,2,NULL,NULL,NULL),(NULL,0,'2019-08-25 13:36:05',NULL,417,2,NULL,NULL,NULL),(NULL,0,'2019-08-25 13:36:05',NULL,418,2,NULL,NULL,NULL),(NULL,0,'2019-08-25 13:36:05',NULL,419,2,NULL,NULL,NULL),(NULL,0,'2019-08-25 13:36:05',NULL,420,2,NULL,NULL,NULL),(NULL,0,'2019-08-25 13:36:05',NULL,421,2,NULL,NULL,NULL),(NULL,0,'2019-08-25 13:36:05',NULL,422,2,NULL,NULL,NULL),(NULL,0,'2019-08-25 13:36:05',NULL,423,2,NULL,NULL,NULL),(NULL,0,'2019-08-25 13:36:05',NULL,424,2,NULL,NULL,NULL),(NULL,0,'2019-08-25 13:36:05',NULL,425,2,NULL,NULL,NULL),(NULL,0,'2019-08-25 13:36:05',NULL,426,2,NULL,NULL,NULL),(NULL,0,'2019-08-25 13:36:05',NULL,427,2,NULL,NULL,NULL),(NULL,0,'2019-08-25 13:36:05',NULL,428,2,NULL,NULL,NULL),(NULL,0,'2019-08-25 13:36:05',NULL,429,2,NULL,NULL,NULL),(NULL,0,'2019-08-25 13:36:05',NULL,430,2,NULL,NULL,NULL),(NULL,0,'2019-08-25 13:36:05',NULL,431,2,NULL,NULL,NULL),(NULL,0,'2019-08-25 13:36:05',NULL,432,2,NULL,NULL,NULL),(NULL,0,'2019-08-25 13:36:05',NULL,433,2,NULL,NULL,NULL),(NULL,0,'2019-08-25 13:36:05',NULL,434,2,NULL,NULL,NULL),(NULL,0,'2019-08-25 13:36:05',NULL,435,2,NULL,NULL,NULL),(NULL,0,'2019-08-25 13:36:05',NULL,436,2,NULL,NULL,NULL),(NULL,0,'2019-08-25 13:36:05',NULL,437,2,NULL,NULL,NULL),(NULL,0,'2019-08-25 13:36:05',NULL,438,2,NULL,NULL,NULL),(NULL,0,'2019-08-25 13:36:05',NULL,439,2,NULL,NULL,NULL),(NULL,0,'2019-08-25 13:36:05',NULL,440,2,NULL,NULL,NULL),(NULL,0,'2019-08-25 13:36:05',NULL,441,2,NULL,NULL,NULL),(NULL,0,'2019-08-25 13:36:05',NULL,442,2,NULL,NULL,NULL),(NULL,0,'2019-08-25 13:36:05',NULL,443,2,NULL,NULL,NULL),(NULL,0,'2019-08-25 13:36:05',NULL,444,2,NULL,NULL,NULL),(NULL,0,'2019-08-25 13:36:05',NULL,445,2,NULL,NULL,NULL),(NULL,0,'2019-08-25 13:36:05',NULL,446,2,NULL,NULL,NULL),(NULL,0,'2019-08-25 13:36:05',NULL,447,2,NULL,NULL,NULL),(NULL,0,'2019-08-25 13:36:05',NULL,448,2,NULL,NULL,NULL),(NULL,0,'2019-08-25 13:36:05',NULL,449,2,NULL,NULL,NULL),(NULL,0,'2019-08-25 13:36:05',NULL,450,2,NULL,NULL,NULL),(NULL,0,'2019-08-25 13:36:05',NULL,451,2,NULL,NULL,NULL),(NULL,0,'2019-08-25 13:36:05',NULL,452,2,NULL,NULL,NULL),(NULL,0,'2019-08-25 13:36:05',NULL,453,2,NULL,NULL,NULL),(NULL,0,'2019-08-25 13:36:05',NULL,454,2,NULL,NULL,NULL),(NULL,0,'2019-08-25 13:36:05',NULL,455,2,NULL,NULL,NULL),(NULL,0,'2019-08-25 13:36:05',NULL,456,2,NULL,NULL,NULL),(NULL,0,'2019-08-25 13:36:05',NULL,457,2,NULL,NULL,NULL),(NULL,0,'2019-08-25 13:36:05',NULL,458,2,NULL,NULL,NULL),(NULL,0,'2019-08-25 13:36:05',NULL,459,2,NULL,NULL,NULL),(NULL,0,'2019-08-25 13:36:05',NULL,460,2,NULL,NULL,NULL),(NULL,0,'2019-08-25 13:36:05',NULL,461,2,NULL,NULL,NULL),(NULL,0,'2019-08-25 13:36:05',NULL,462,2,NULL,NULL,NULL),(NULL,0,'2019-08-25 13:36:05',NULL,463,2,NULL,NULL,NULL),(NULL,0,'2019-08-25 13:36:05',NULL,464,2,NULL,NULL,NULL),(NULL,0,'2019-08-25 13:36:05',NULL,465,2,NULL,NULL,NULL),(NULL,0,'2019-08-25 13:36:05',NULL,466,2,NULL,NULL,NULL),(NULL,0,'2019-08-25 13:36:05',NULL,467,2,NULL,NULL,NULL),(NULL,0,'2019-08-25 13:36:05',NULL,468,2,NULL,NULL,NULL),(NULL,0,'2019-08-25 13:36:06',NULL,469,2,NULL,NULL,NULL),(NULL,0,'2019-08-25 13:36:06',NULL,470,2,NULL,NULL,NULL),(NULL,0,'2019-08-25 13:36:06',NULL,471,2,NULL,NULL,NULL),(NULL,0,'2019-08-25 13:36:06',NULL,472,2,NULL,NULL,NULL),(NULL,0,'2019-08-25 13:36:06',NULL,473,2,NULL,NULL,NULL),(NULL,0,'2019-08-25 13:36:06',NULL,474,2,NULL,NULL,NULL),(NULL,0,'2019-08-25 13:36:06',NULL,475,2,NULL,NULL,NULL),(NULL,0,'2019-08-25 13:36:06',NULL,476,2,NULL,NULL,NULL),(NULL,0,'2019-08-25 13:36:06',NULL,477,2,NULL,NULL,NULL),(NULL,0,'2019-08-25 13:36:06',NULL,478,2,NULL,NULL,NULL),(NULL,0,'2019-08-25 13:36:06',NULL,479,2,NULL,NULL,NULL),(NULL,0,'2019-08-25 13:36:06',NULL,480,2,NULL,NULL,NULL),(NULL,0,'2019-08-25 13:36:06',NULL,481,2,NULL,NULL,NULL),(NULL,0,'2019-08-25 13:36:06',NULL,482,2,NULL,NULL,NULL),(NULL,0,'2019-08-25 13:36:06',NULL,483,2,NULL,NULL,NULL),(NULL,0,'2019-08-25 13:36:06',NULL,484,2,NULL,NULL,NULL),(NULL,0,'2019-08-25 13:36:06',NULL,485,2,NULL,NULL,NULL),(NULL,0,'2019-08-25 13:36:06',NULL,486,2,NULL,NULL,NULL),(NULL,0,'2019-08-25 13:36:06',NULL,487,2,NULL,NULL,NULL),(NULL,0,'2019-08-25 13:36:06',NULL,488,2,NULL,NULL,NULL),(NULL,0,'2019-08-25 13:36:06',NULL,489,2,NULL,NULL,NULL),(NULL,0,'2019-08-25 13:36:06',NULL,490,2,NULL,NULL,NULL),(NULL,0,'2019-08-25 13:36:06',NULL,491,2,NULL,NULL,NULL),(NULL,0,'2019-08-25 13:36:06',NULL,492,2,NULL,NULL,NULL),(NULL,0,'2019-08-25 13:36:06',NULL,493,2,NULL,NULL,NULL),(NULL,0,'2019-08-25 13:36:06',NULL,494,2,NULL,NULL,NULL),(NULL,0,'2019-08-25 13:36:06',NULL,495,2,NULL,NULL,NULL),(NULL,0,'2019-08-25 13:36:06',NULL,496,2,NULL,NULL,NULL),(NULL,0,'2019-08-25 13:36:06',NULL,497,2,NULL,NULL,NULL),(NULL,0,'2019-08-25 13:36:06',NULL,498,2,NULL,NULL,NULL),(NULL,0,'2019-08-25 13:36:06',NULL,499,2,NULL,NULL,NULL),(NULL,0,'2019-08-25 13:36:06',NULL,500,2,NULL,NULL,NULL),(NULL,0,'2019-08-25 13:36:06',NULL,501,2,NULL,NULL,NULL),(NULL,0,'2019-08-25 13:36:06',NULL,502,2,NULL,NULL,NULL),(NULL,0,'2019-08-25 13:36:06',NULL,503,2,NULL,NULL,NULL),(NULL,0,'2019-08-25 13:36:06',NULL,504,2,NULL,NULL,NULL),(NULL,0,'2019-08-25 13:36:06',NULL,505,2,NULL,NULL,NULL),(NULL,0,'2019-08-25 13:36:06',NULL,506,2,NULL,NULL,NULL),(NULL,0,'2019-08-25 13:36:06',NULL,507,2,NULL,NULL,NULL),(NULL,0,'2019-08-25 13:36:06',NULL,508,2,NULL,NULL,NULL),(NULL,0,'2019-08-25 13:36:06',NULL,509,2,NULL,NULL,NULL),(NULL,0,'2019-08-25 13:36:06',NULL,510,2,NULL,NULL,NULL),(NULL,0,'2019-08-25 13:36:06',NULL,511,2,NULL,NULL,NULL),(NULL,0,'2019-08-25 13:36:06',NULL,512,2,NULL,NULL,NULL),(NULL,0,'2019-08-25 13:36:06',NULL,513,2,NULL,NULL,NULL),(NULL,0,'2019-08-25 13:36:06',NULL,514,2,NULL,NULL,NULL),(NULL,0,'2019-08-25 13:36:06',NULL,515,2,NULL,NULL,NULL),(NULL,0,'2019-08-25 13:36:06',NULL,516,2,NULL,NULL,NULL),(NULL,0,'2019-08-25 13:36:06',NULL,517,2,NULL,NULL,NULL),(NULL,0,'2019-08-25 13:36:06',NULL,518,2,NULL,NULL,NULL),(NULL,0,'2019-08-25 13:36:06',NULL,519,2,NULL,NULL,NULL),(NULL,0,'2019-08-25 13:36:06',NULL,520,2,NULL,NULL,NULL),(NULL,0,'2019-08-25 13:36:06',NULL,521,2,NULL,NULL,NULL),(NULL,0,'2019-08-25 13:36:06',NULL,522,2,NULL,NULL,NULL),(NULL,0,'2019-08-25 13:36:07',NULL,523,2,NULL,NULL,NULL),(NULL,0,'2019-08-25 13:36:07',NULL,524,2,NULL,NULL,NULL),(NULL,0,'2019-08-25 13:36:07',NULL,525,2,NULL,NULL,NULL),(NULL,0,'2019-08-25 13:36:07',NULL,526,2,NULL,NULL,NULL),(NULL,0,'2019-08-25 13:36:07',NULL,527,2,NULL,NULL,NULL),(NULL,0,'2019-08-25 13:36:07',NULL,528,2,NULL,NULL,NULL),(NULL,0,'2019-08-25 13:36:07',NULL,529,2,NULL,NULL,NULL),(NULL,0,'2019-08-25 13:36:07',NULL,530,2,NULL,NULL,NULL),(NULL,0,'2019-08-25 13:36:07',NULL,531,2,NULL,NULL,NULL),(NULL,0,'2019-08-25 13:36:07',NULL,532,2,NULL,NULL,NULL),(NULL,0,'2019-08-25 13:36:07',NULL,533,2,NULL,NULL,NULL),(NULL,0,'2019-08-25 13:36:07',NULL,534,2,NULL,NULL,NULL),(NULL,0,'2019-08-25 13:36:07',NULL,535,2,NULL,NULL,NULL),(NULL,0,'2019-08-25 13:36:07',NULL,536,2,NULL,NULL,NULL),(NULL,0,'2019-08-25 13:36:07',NULL,537,2,NULL,NULL,NULL),(NULL,0,'2019-08-25 13:36:07',NULL,538,2,NULL,NULL,NULL),(NULL,0,'2019-08-25 13:36:07',NULL,539,2,NULL,NULL,NULL),(NULL,0,'2019-08-25 13:36:07',NULL,540,2,NULL,NULL,NULL),(NULL,0,'2019-08-25 13:36:07',NULL,541,2,NULL,NULL,NULL),(NULL,0,'2019-08-25 13:36:07',NULL,542,2,NULL,NULL,NULL),(NULL,0,'2019-08-25 13:36:07',NULL,543,2,NULL,NULL,NULL),(NULL,0,'2019-08-25 13:36:07',NULL,544,2,NULL,NULL,NULL),(NULL,0,'2019-08-25 13:36:07',NULL,545,2,NULL,NULL,NULL),(NULL,0,'2019-08-25 13:36:07',NULL,546,2,NULL,NULL,NULL),(NULL,0,'2019-08-25 13:36:07',NULL,547,2,NULL,NULL,NULL),(NULL,0,'2019-08-25 13:36:07',NULL,548,2,NULL,NULL,NULL),(NULL,0,'2019-08-25 13:36:07',NULL,549,2,NULL,NULL,NULL),(NULL,0,'2019-08-25 13:36:07',NULL,550,2,NULL,NULL,NULL),(NULL,0,'2019-08-25 13:36:07',NULL,551,2,NULL,NULL,NULL),(NULL,0,'2019-08-25 13:36:07',NULL,552,2,NULL,NULL,NULL),(NULL,0,'2019-08-25 13:36:07',NULL,553,2,NULL,NULL,NULL),(NULL,0,'2019-08-25 13:36:07',NULL,554,2,NULL,NULL,NULL),(NULL,0,'2019-08-25 13:36:07',NULL,555,2,NULL,NULL,NULL),(NULL,0,'2019-08-25 13:36:07',NULL,556,2,NULL,NULL,NULL),(NULL,0,'2019-08-25 13:36:07',NULL,557,2,NULL,NULL,NULL),(NULL,0,'2019-08-25 13:36:07',NULL,558,2,NULL,NULL,NULL),(NULL,0,'2019-08-25 13:36:07',NULL,559,2,NULL,NULL,NULL),(NULL,0,'2019-08-25 13:36:07',NULL,560,2,NULL,NULL,NULL),(NULL,0,'2019-08-25 13:36:07',NULL,561,2,NULL,NULL,NULL),(NULL,0,'2019-08-25 13:36:07',NULL,562,2,NULL,NULL,NULL),(NULL,0,'2019-08-25 13:36:07',NULL,563,2,NULL,NULL,NULL),(NULL,0,'2019-08-25 13:36:07',NULL,564,2,NULL,NULL,NULL),(NULL,0,'2019-08-25 13:36:07',NULL,565,2,NULL,NULL,NULL),(NULL,0,'2019-08-25 13:36:07',NULL,566,2,NULL,NULL,NULL),(NULL,0,'2019-08-25 13:36:07',NULL,567,2,NULL,NULL,NULL),(NULL,0,'2019-08-25 13:36:07',NULL,568,2,NULL,NULL,NULL),(NULL,0,'2019-08-25 13:36:07',NULL,569,2,NULL,NULL,NULL),(NULL,0,'2019-08-25 13:36:07',NULL,570,2,NULL,NULL,NULL),(NULL,0,'2019-08-25 13:36:07',NULL,571,2,NULL,NULL,NULL),(NULL,0,'2019-08-25 13:36:07',NULL,572,2,NULL,NULL,NULL),(NULL,0,'2019-08-25 13:36:07',NULL,573,2,NULL,NULL,NULL),(NULL,0,'2019-08-25 13:36:07',NULL,574,2,NULL,NULL,NULL),(NULL,0,'2019-08-25 13:36:07',NULL,575,2,NULL,NULL,NULL),(NULL,0,'2019-08-25 13:36:07',NULL,576,2,NULL,NULL,NULL),(NULL,0,'2019-08-25 13:36:07',NULL,577,2,NULL,NULL,NULL),(NULL,0,'2019-08-25 13:36:07',NULL,578,2,NULL,NULL,NULL),(NULL,0,'2019-08-25 13:36:08',NULL,579,2,NULL,NULL,NULL),(NULL,0,'2019-08-25 13:36:08',NULL,580,2,NULL,NULL,NULL),(NULL,0,'2019-08-25 13:36:08',NULL,581,2,NULL,NULL,NULL),(NULL,0,'2019-08-25 13:36:08',NULL,582,2,NULL,NULL,NULL),(NULL,0,'2019-08-25 13:36:08',NULL,583,2,NULL,NULL,NULL),(NULL,0,'2019-08-25 13:36:08',NULL,584,2,NULL,NULL,NULL),(NULL,0,'2019-08-25 13:36:08',NULL,585,2,NULL,NULL,NULL),(NULL,0,'2019-08-25 13:36:08',NULL,586,2,NULL,NULL,NULL),(NULL,0,'2019-08-25 13:36:08',NULL,587,2,NULL,NULL,NULL),(NULL,0,'2019-08-25 13:36:08',NULL,588,2,NULL,NULL,NULL),(NULL,0,'2019-08-25 13:36:08',NULL,589,2,NULL,NULL,NULL),(NULL,0,'2019-08-25 13:36:08',NULL,590,2,NULL,NULL,NULL),(NULL,0,'2019-08-25 13:36:08',NULL,591,2,NULL,NULL,NULL),(NULL,0,'2019-08-25 13:36:08',NULL,592,2,NULL,NULL,NULL),(NULL,0,'2019-08-25 13:36:08',NULL,593,2,NULL,NULL,NULL),(NULL,0,'2019-08-25 13:36:08',NULL,594,2,NULL,NULL,NULL),(NULL,0,'2019-08-25 13:36:08',NULL,595,2,NULL,NULL,NULL),(NULL,0,'2019-08-25 13:36:08',NULL,596,2,NULL,NULL,NULL),(NULL,0,'2019-08-25 13:36:08',NULL,597,2,NULL,NULL,NULL),(NULL,0,'2019-08-25 13:36:08',NULL,598,2,NULL,NULL,NULL),(NULL,0,'2019-08-25 13:36:08',NULL,599,2,NULL,NULL,NULL),(NULL,0,'2019-08-25 13:36:08',NULL,600,2,NULL,NULL,NULL),(NULL,0,'2019-08-25 13:36:08',NULL,601,2,NULL,NULL,NULL),(NULL,0,'2019-08-25 13:36:08',NULL,602,2,NULL,NULL,NULL),(NULL,0,'2019-08-25 13:36:08',NULL,603,2,NULL,NULL,NULL),(NULL,0,'2019-08-25 13:36:08',NULL,604,2,NULL,NULL,NULL),(NULL,0,'2019-08-25 13:36:08',NULL,605,2,NULL,NULL,NULL),(NULL,0,'2019-08-25 13:36:08',NULL,606,2,NULL,NULL,NULL),(NULL,0,'2019-08-25 13:36:08',NULL,607,2,NULL,NULL,NULL),(NULL,0,'2019-08-25 13:36:08',NULL,608,2,NULL,NULL,NULL),(NULL,0,'2019-08-25 13:36:08',NULL,609,2,NULL,NULL,NULL),(NULL,0,'2019-08-25 13:36:08',NULL,610,2,NULL,NULL,NULL),(NULL,0,'2019-08-25 13:36:08',NULL,611,2,NULL,NULL,NULL),(NULL,0,'2019-08-25 13:36:08',NULL,612,2,NULL,NULL,NULL),(NULL,0,'2019-08-25 13:36:08',NULL,613,2,NULL,NULL,NULL),(NULL,0,'2019-08-25 13:36:08',NULL,614,2,NULL,NULL,NULL),(NULL,0,'2019-08-25 13:36:08',NULL,615,2,NULL,NULL,NULL),(NULL,0,'2019-08-25 13:36:08',NULL,616,2,NULL,NULL,NULL),(NULL,0,'2019-08-25 13:36:08',NULL,617,2,NULL,NULL,NULL),(NULL,0,'2019-08-25 13:36:08',NULL,618,2,NULL,NULL,NULL),(NULL,0,'2019-08-25 13:36:08',NULL,619,2,NULL,NULL,NULL),(NULL,0,'2019-08-25 13:36:08',NULL,620,2,NULL,NULL,NULL),(NULL,0,'2019-08-25 13:36:08',NULL,621,2,NULL,NULL,NULL),(NULL,0,'2019-08-25 13:36:08',NULL,622,2,NULL,NULL,NULL),(NULL,0,'2019-08-25 13:36:08',NULL,623,2,NULL,NULL,NULL),(NULL,0,'2019-08-25 13:36:08',NULL,624,2,NULL,NULL,NULL),(NULL,0,'2019-08-25 13:36:08',NULL,625,2,NULL,NULL,NULL),(NULL,0,'2019-08-25 13:36:08',NULL,626,2,NULL,NULL,NULL),(NULL,0,'2019-08-25 13:36:08',NULL,627,2,NULL,NULL,NULL),(NULL,0,'2019-08-25 13:36:08',NULL,628,2,NULL,NULL,NULL),(NULL,0,'2019-08-25 13:36:08',NULL,629,2,NULL,NULL,NULL),(NULL,0,'2019-08-25 13:36:09',NULL,630,2,NULL,NULL,NULL),(NULL,0,'2019-08-25 13:36:09',NULL,631,2,NULL,NULL,NULL),(NULL,0,'2019-08-25 13:36:09',NULL,632,2,NULL,NULL,NULL),(NULL,0,'2019-08-25 13:36:09',NULL,633,2,NULL,NULL,NULL),(NULL,0,'2019-08-25 13:36:09',NULL,634,2,NULL,NULL,NULL),(NULL,0,'2019-08-25 13:36:09',NULL,635,2,NULL,NULL,NULL),(NULL,0,'2019-08-25 13:36:09',NULL,636,2,NULL,NULL,NULL),(NULL,0,'2019-08-25 13:36:09',NULL,637,2,NULL,NULL,NULL),(NULL,0,'2019-08-25 13:36:09',NULL,638,2,NULL,NULL,NULL),(NULL,0,'2019-08-25 13:36:09',NULL,639,2,NULL,NULL,NULL),(NULL,0,'2019-08-25 13:36:09',NULL,640,2,NULL,NULL,NULL),(NULL,0,'2019-08-25 13:36:09',NULL,641,2,NULL,NULL,NULL),(NULL,0,'2019-08-25 13:36:09',NULL,642,2,NULL,NULL,NULL),(NULL,0,'2019-08-25 13:36:09',NULL,643,2,NULL,NULL,NULL),(NULL,0,'2019-08-25 13:36:09',NULL,644,2,NULL,NULL,NULL),(NULL,0,'2019-08-25 13:36:09',NULL,645,2,NULL,NULL,NULL),(NULL,0,'2019-08-25 13:36:09',NULL,646,2,NULL,NULL,NULL),(NULL,0,'2019-08-25 13:36:09',NULL,647,2,NULL,NULL,NULL),(NULL,0,'2019-08-25 13:36:09',NULL,648,2,NULL,NULL,NULL),(NULL,0,'2019-08-25 13:36:09',NULL,649,2,NULL,NULL,NULL),(NULL,0,'2019-08-25 13:36:09',NULL,650,2,NULL,NULL,NULL),(NULL,0,'2019-08-25 13:36:09',NULL,651,2,NULL,NULL,NULL),(NULL,0,'2019-08-25 13:36:09',NULL,652,2,NULL,NULL,NULL),(NULL,0,'2019-08-25 13:36:09',NULL,653,2,NULL,NULL,NULL),(NULL,0,'2019-08-25 13:36:09',NULL,654,2,NULL,NULL,NULL),(NULL,0,'2019-08-25 13:36:09',NULL,655,2,NULL,NULL,NULL),(NULL,0,'2019-08-25 13:36:09',NULL,656,2,NULL,NULL,NULL),(NULL,0,'2019-08-25 13:36:09',NULL,657,2,NULL,NULL,NULL),(NULL,0,'2019-08-25 13:36:09',NULL,658,2,NULL,NULL,NULL),(NULL,0,'2019-08-25 13:36:09',NULL,659,2,NULL,NULL,NULL),(NULL,0,'2019-08-25 13:36:09',NULL,660,2,NULL,NULL,NULL),(NULL,0,'2019-08-25 13:36:09',NULL,661,2,NULL,NULL,NULL),(NULL,0,'2019-08-25 13:36:09',NULL,662,2,NULL,NULL,NULL),(NULL,0,'2019-08-25 13:36:09',NULL,663,2,NULL,NULL,NULL),(NULL,0,'2019-08-25 13:36:09',NULL,664,2,NULL,NULL,NULL),(NULL,0,'2019-08-25 13:36:09',NULL,665,2,NULL,NULL,NULL),(NULL,0,'2019-08-25 13:36:09',NULL,666,2,NULL,NULL,NULL),(NULL,0,'2019-08-25 13:36:09',NULL,667,2,NULL,NULL,NULL),(NULL,0,'2019-08-25 13:36:09',NULL,668,2,NULL,NULL,NULL),(NULL,0,'2019-08-25 13:36:09',NULL,669,2,NULL,NULL,NULL),(NULL,0,'2019-08-25 13:36:09',NULL,670,2,NULL,NULL,NULL),(NULL,0,'2019-08-25 13:36:09',NULL,671,2,NULL,NULL,NULL),(NULL,0,'2019-08-25 13:36:09',NULL,672,2,NULL,NULL,NULL),(NULL,0,'2019-08-25 13:36:09',NULL,673,2,NULL,NULL,NULL),(NULL,0,'2019-08-25 13:36:09',NULL,674,2,NULL,NULL,NULL),(NULL,0,'2019-08-25 13:36:09',NULL,675,2,NULL,NULL,NULL),(NULL,0,'2019-08-25 13:36:09',NULL,676,2,NULL,NULL,NULL),(NULL,0,'2019-08-25 13:36:09',NULL,677,2,NULL,NULL,NULL),(NULL,0,'2019-08-25 13:36:09',NULL,678,2,NULL,NULL,NULL),(NULL,0,'2019-08-25 13:36:09',NULL,679,2,NULL,NULL,NULL),(NULL,0,'2019-08-25 13:36:09',NULL,680,2,NULL,NULL,NULL),(NULL,0,'2019-08-25 13:36:09',NULL,681,2,NULL,NULL,NULL),(NULL,0,'2019-08-25 13:36:09',NULL,682,2,NULL,NULL,NULL),(NULL,0,'2019-08-25 13:36:09',NULL,683,2,NULL,NULL,NULL),(NULL,0,'2019-08-25 13:36:09',NULL,684,2,NULL,NULL,NULL),(NULL,0,'2019-08-25 13:36:09',NULL,685,2,NULL,NULL,NULL),(NULL,0,'2019-08-25 13:36:10',NULL,686,2,NULL,NULL,NULL),(NULL,0,'2019-08-25 13:36:10',NULL,687,2,NULL,NULL,NULL),(NULL,0,'2019-08-25 13:36:10',NULL,688,2,NULL,NULL,NULL),(NULL,0,'2019-08-25 13:36:10',NULL,689,2,NULL,NULL,NULL),(NULL,0,'2019-08-25 13:36:10',NULL,690,2,NULL,NULL,NULL),(NULL,0,'2019-08-25 13:36:10',NULL,691,2,NULL,NULL,NULL),(NULL,0,'2019-08-25 13:36:10',NULL,692,2,NULL,NULL,NULL),(NULL,0,'2019-08-25 13:36:10',NULL,693,2,NULL,NULL,NULL),(NULL,0,'2019-08-25 13:36:10',NULL,694,2,NULL,NULL,NULL),(NULL,0,'2019-08-25 13:36:10',NULL,695,2,NULL,NULL,NULL),(NULL,0,'2019-08-25 13:36:10',NULL,696,2,NULL,NULL,NULL),(NULL,0,'2019-08-25 13:36:10',NULL,697,2,NULL,NULL,NULL),(NULL,0,'2019-08-25 13:36:10',NULL,698,2,NULL,NULL,NULL),(NULL,0,'2019-08-25 13:36:10',NULL,699,2,NULL,NULL,NULL),(NULL,0,'2019-08-25 13:36:10',NULL,700,2,NULL,NULL,NULL),(NULL,0,'2019-08-25 13:36:10',NULL,701,2,NULL,NULL,NULL),(NULL,0,'2019-08-25 13:36:10',NULL,702,2,NULL,NULL,NULL),(NULL,0,'2019-08-25 13:36:10',NULL,703,2,NULL,NULL,NULL),(NULL,0,'2019-08-25 13:36:10',NULL,704,2,NULL,NULL,NULL),(NULL,0,'2019-08-25 13:36:10',NULL,705,2,NULL,NULL,NULL),(NULL,0,'2019-08-25 13:36:10',NULL,706,2,NULL,NULL,NULL),(NULL,0,'2019-08-25 13:36:10',NULL,707,2,NULL,NULL,NULL),(NULL,0,'2019-08-25 13:36:10',NULL,708,2,NULL,NULL,NULL),(NULL,0,'2019-08-25 13:36:10',NULL,709,2,NULL,NULL,NULL),(NULL,0,'2019-08-25 13:36:10',NULL,710,2,NULL,NULL,NULL),(NULL,0,'2019-08-25 13:36:10',NULL,711,2,NULL,NULL,NULL),(NULL,0,'2019-08-25 13:36:10',NULL,712,2,NULL,NULL,NULL),(NULL,0,'2019-08-25 13:36:10',NULL,713,2,NULL,NULL,NULL),(NULL,0,'2019-08-25 13:36:10',NULL,714,2,NULL,NULL,NULL),(NULL,0,'2019-08-25 13:36:10',NULL,715,2,NULL,NULL,NULL),(NULL,0,'2019-08-25 13:36:10',NULL,716,2,NULL,NULL,NULL),(NULL,0,'2019-08-25 13:36:10',NULL,717,2,NULL,NULL,NULL),(NULL,0,'2019-08-25 13:36:10',NULL,718,2,NULL,NULL,NULL),(NULL,0,'2019-08-25 13:36:10',NULL,719,2,NULL,NULL,NULL),(NULL,0,'2019-08-25 13:36:10',NULL,720,2,NULL,NULL,NULL),(NULL,0,'2019-08-25 13:36:10',NULL,721,2,NULL,NULL,NULL),(NULL,0,'2019-08-25 13:36:10',NULL,722,2,NULL,NULL,NULL),(NULL,0,'2019-08-25 13:36:11',NULL,723,2,NULL,NULL,NULL),(NULL,0,'2019-08-25 13:36:11',NULL,724,2,NULL,NULL,NULL),(NULL,0,'2019-08-25 13:36:11',NULL,725,2,NULL,NULL,NULL),(NULL,0,'2019-08-25 13:36:11',NULL,726,2,NULL,NULL,NULL),(NULL,0,'2019-08-25 13:36:11',NULL,727,2,NULL,NULL,NULL),(NULL,0,'2019-08-25 13:36:11',NULL,728,2,NULL,NULL,NULL),(NULL,0,'2019-08-25 13:36:11',NULL,729,2,NULL,NULL,NULL),(NULL,0,'2019-08-25 13:36:11',NULL,730,2,NULL,NULL,NULL),(NULL,0,'2019-08-25 13:36:11',NULL,731,2,NULL,NULL,NULL),(NULL,0,'2019-08-25 13:36:11',NULL,732,2,NULL,NULL,NULL),(NULL,0,'2019-08-25 13:36:11',NULL,733,2,NULL,NULL,NULL),(NULL,0,'2019-08-25 13:36:11',NULL,734,2,NULL,NULL,NULL),(NULL,0,'2019-08-25 13:36:11',NULL,735,2,NULL,NULL,NULL),(NULL,0,'2019-08-25 13:36:11',NULL,736,2,NULL,NULL,NULL),(NULL,0,'2019-08-25 13:36:11',NULL,737,2,NULL,NULL,NULL),(NULL,0,'2019-08-25 13:36:11',NULL,738,2,NULL,NULL,NULL),(NULL,0,'2019-08-25 13:36:11',NULL,739,2,NULL,NULL,NULL),(NULL,0,'2019-08-25 13:36:11',NULL,740,2,NULL,NULL,NULL),(NULL,0,'2019-08-25 13:36:11',NULL,741,2,NULL,NULL,NULL),(NULL,0,'2019-08-25 13:36:11',NULL,742,2,NULL,NULL,NULL),(NULL,0,'2019-08-25 13:36:11',NULL,743,2,NULL,NULL,NULL),(NULL,0,'2019-08-25 13:36:11',NULL,744,2,NULL,NULL,NULL),(NULL,0,'2019-08-25 13:36:11',NULL,745,2,NULL,NULL,NULL),(NULL,0,'2019-08-25 13:36:11',NULL,746,2,NULL,NULL,NULL),(NULL,0,'2019-08-25 13:36:11',NULL,747,2,NULL,NULL,NULL),(NULL,0,'2019-08-25 13:36:11',NULL,748,2,NULL,NULL,NULL),(NULL,0,'2019-08-25 13:36:11',NULL,749,2,NULL,NULL,NULL),(NULL,0,'2019-08-25 13:36:11',NULL,750,2,NULL,NULL,NULL),(NULL,0,'2019-08-25 13:36:11',NULL,751,2,NULL,NULL,NULL),(NULL,0,'2019-08-25 13:36:11',NULL,752,2,NULL,NULL,NULL),(NULL,0,'2019-08-25 13:36:11',NULL,753,2,NULL,NULL,NULL),(NULL,0,'2019-08-25 13:36:11',NULL,754,2,NULL,NULL,NULL),(NULL,0,'2019-08-25 13:36:11',NULL,755,2,NULL,NULL,NULL),(NULL,0,'2019-08-25 13:36:12',NULL,756,2,NULL,NULL,NULL);
/*!40000 ALTER TABLE `c_records` ENABLE KEYS */;
UNLOCK TABLES;

--
-- Table structure for table `c_relation_histories`
--

DROP TABLE IF EXISTS `c_relation_histories`;
/*!40101 SET @saved_cs_client     = @@character_set_client */;
/*!40101 SET character_set_client = utf8 */;
CREATE TABLE `c_relation_histories` (
  `deleted_at` datetime DEFAULT NULL,
  `deleted` tinyint(1) DEFAULT NULL,
  `created_at` datetime DEFAULT NULL,
  `updated_at` datetime DEFAULT NULL,
  `id` int(11) NOT NULL AUTO_INCREMENT,
  `operate_type` enum('0','1') DEFAULT NULL,
  `record_id` int(11) NOT NULL,
  `first_ci_id` int(11) DEFAULT NULL,
  `second_ci_id` int(11) DEFAULT NULL,
  `relation_type_id` int(11) DEFAULT NULL,
  `relation_id` int(11) NOT NULL,
  PRIMARY KEY (`id`),
  KEY `record_id` (`record_id`),
  KEY `relation_type_id` (`relation_type_id`),
  KEY `ix_c_relation_histories_deleted` (`deleted`),
  CONSTRAINT `c_relation_histories_ibfk_1` FOREIGN KEY (`record_id`) REFERENCES `c_records` (`id`),
  CONSTRAINT `c_relation_histories_ibfk_2` FOREIGN KEY (`relation_type_id`) REFERENCES `c_relation_types` (`id`)
) ENGINE=InnoDB DEFAULT CHARSET=utf8;
/*!40101 SET character_set_client = @saved_cs_client */;

--
-- Dumping data for table `c_relation_histories`
--

LOCK TABLES `c_relation_histories` WRITE;
/*!40000 ALTER TABLE `c_relation_histories` DISABLE KEYS */;
/*!40000 ALTER TABLE `c_relation_histories` ENABLE KEYS */;
UNLOCK TABLES;

--
-- Table structure for table `c_relation_types`
--

DROP TABLE IF EXISTS `c_relation_types`;
/*!40101 SET @saved_cs_client     = @@character_set_client */;
/*!40101 SET character_set_client = utf8 */;
CREATE TABLE `c_relation_types` (
  `deleted_at` datetime DEFAULT NULL,
  `deleted` tinyint(1) DEFAULT NULL,
  `created_at` datetime DEFAULT NULL,
  `updated_at` datetime DEFAULT NULL,
  `id` int(11) NOT NULL AUTO_INCREMENT,
  `name` varchar(16) DEFAULT NULL,
  PRIMARY KEY (`id`),
  KEY `ix_c_relation_types_name` (`name`),
  KEY `ix_c_relation_types_deleted` (`deleted`)
) ENGINE=InnoDB AUTO_INCREMENT=5 DEFAULT CHARSET=utf8;
/*!40101 SET character_set_client = @saved_cs_client */;

--
-- Dumping data for table `c_relation_types`
--

LOCK TABLES `c_relation_types` WRITE;
/*!40000 ALTER TABLE `c_relation_types` DISABLE KEYS */;
INSERT INTO `c_relation_types` VALUES (NULL,0,NULL,NULL,1,'contain'),(NULL,0,NULL,NULL,2,'deploy'),(NULL,0,NULL,NULL,3,'install'),(NULL,0,NULL,NULL,4,'connect');
/*!40000 ALTER TABLE `c_relation_types` ENABLE KEYS */;
UNLOCK TABLES;

--
-- Table structure for table `c_value_datetime`
--

DROP TABLE IF EXISTS `c_value_datetime`;
/*!40101 SET @saved_cs_client     = @@character_set_client */;
/*!40101 SET character_set_client = utf8 */;
CREATE TABLE `c_value_datetime` (
  `deleted_at` datetime DEFAULT NULL,
  `deleted` tinyint(1) DEFAULT NULL,
  `created_at` datetime DEFAULT NULL,
  `updated_at` datetime DEFAULT NULL,
  `id` int(11) NOT NULL AUTO_INCREMENT,
  `ci_id` int(11) NOT NULL,
  `attr_id` int(11) NOT NULL,
  `value` datetime NOT NULL,
  PRIMARY KEY (`id`),
  KEY `ci_id` (`ci_id`),
  KEY `attr_id` (`attr_id`),
  KEY `ix_c_value_datetime_deleted` (`deleted`),
  CONSTRAINT `c_value_datetime_ibfk_1` FOREIGN KEY (`ci_id`) REFERENCES `c_cis` (`id`),
  CONSTRAINT `c_value_datetime_ibfk_2` FOREIGN KEY (`attr_id`) REFERENCES `c_attributes` (`id`)
) ENGINE=InnoDB DEFAULT CHARSET=utf8;
/*!40101 SET character_set_client = @saved_cs_client */;

--
-- Dumping data for table `c_value_datetime`
--

LOCK TABLES `c_value_datetime` WRITE;
/*!40000 ALTER TABLE `c_value_datetime` DISABLE KEYS */;
/*!40000 ALTER TABLE `c_value_datetime` ENABLE KEYS */;
UNLOCK TABLES;

--
-- Table structure for table `c_value_floats`
--

DROP TABLE IF EXISTS `c_value_floats`;
/*!40101 SET @saved_cs_client     = @@character_set_client */;
/*!40101 SET character_set_client = utf8 */;
CREATE TABLE `c_value_floats` (
  `deleted_at` datetime DEFAULT NULL,
  `deleted` tinyint(1) DEFAULT NULL,
  `created_at` datetime DEFAULT NULL,
  `updated_at` datetime DEFAULT NULL,
  `id` int(11) NOT NULL AUTO_INCREMENT,
  `ci_id` int(11) NOT NULL,
  `attr_id` int(11) NOT NULL,
  `value` float NOT NULL,
  PRIMARY KEY (`id`),
  KEY `ci_id` (`ci_id`),
  KEY `attr_id` (`attr_id`),
  KEY `ix_c_value_floats_deleted` (`deleted`),
  CONSTRAINT `c_value_floats_ibfk_1` FOREIGN KEY (`ci_id`) REFERENCES `c_cis` (`id`),
  CONSTRAINT `c_value_floats_ibfk_2` FOREIGN KEY (`attr_id`) REFERENCES `c_attributes` (`id`)
) ENGINE=InnoDB DEFAULT CHARSET=utf8;
/*!40101 SET character_set_client = @saved_cs_client */;

--
-- Dumping data for table `c_value_floats`
--

LOCK TABLES `c_value_floats` WRITE;
/*!40000 ALTER TABLE `c_value_floats` DISABLE KEYS */;
/*!40000 ALTER TABLE `c_value_floats` ENABLE KEYS */;
UNLOCK TABLES;

--
-- Table structure for table `c_value_index_datetime`
--

DROP TABLE IF EXISTS `c_value_index_datetime`;
/*!40101 SET @saved_cs_client     = @@character_set_client */;
/*!40101 SET character_set_client = utf8 */;
CREATE TABLE `c_value_index_datetime` (
  `deleted_at` datetime DEFAULT NULL,
  `deleted` tinyint(1) DEFAULT NULL,
  `created_at` datetime DEFAULT NULL,
  `updated_at` datetime DEFAULT NULL,
  `id` int(11) NOT NULL AUTO_INCREMENT,
  `ci_id` int(11) NOT NULL,
  `attr_id` int(11) NOT NULL,
  `value` datetime NOT NULL,
  PRIMARY KEY (`id`),
  KEY `ci_id` (`ci_id`),
  KEY `ix_c_value_index_datetime_deleted` (`deleted`),
  KEY `datetime_attr_value_index` (`attr_id`,`value`),
  CONSTRAINT `c_value_index_datetime_ibfk_1` FOREIGN KEY (`ci_id`) REFERENCES `c_cis` (`id`),
  CONSTRAINT `c_value_index_datetime_ibfk_2` FOREIGN KEY (`attr_id`) REFERENCES `c_attributes` (`id`)
) ENGINE=InnoDB DEFAULT CHARSET=utf8;
/*!40101 SET character_set_client = @saved_cs_client */;

--
-- Dumping data for table `c_value_index_datetime`
--

LOCK TABLES `c_value_index_datetime` WRITE;
/*!40000 ALTER TABLE `c_value_index_datetime` DISABLE KEYS */;
/*!40000 ALTER TABLE `c_value_index_datetime` ENABLE KEYS */;
UNLOCK TABLES;

--
-- Table structure for table `c_value_index_floats`
--

DROP TABLE IF EXISTS `c_value_index_floats`;
/*!40101 SET @saved_cs_client     = @@character_set_client */;
/*!40101 SET character_set_client = utf8 */;
CREATE TABLE `c_value_index_floats` (
  `deleted_at` datetime DEFAULT NULL,
  `deleted` tinyint(1) DEFAULT NULL,
  `created_at` datetime DEFAULT NULL,
  `updated_at` datetime DEFAULT NULL,
  `id` int(11) NOT NULL AUTO_INCREMENT,
  `ci_id` int(11) NOT NULL,
  `attr_id` int(11) NOT NULL,
  `value` float NOT NULL,
  PRIMARY KEY (`id`),
  KEY `ci_id` (`ci_id`),
  KEY `float_attr_value_index` (`attr_id`,`value`),
  KEY `ix_c_value_index_floats_deleted` (`deleted`),
  CONSTRAINT `c_value_index_floats_ibfk_1` FOREIGN KEY (`ci_id`) REFERENCES `c_cis` (`id`),
  CONSTRAINT `c_value_index_floats_ibfk_2` FOREIGN KEY (`attr_id`) REFERENCES `c_attributes` (`id`)
) ENGINE=InnoDB DEFAULT CHARSET=utf8;
/*!40101 SET character_set_client = @saved_cs_client */;

--
-- Dumping data for table `c_value_index_floats`
--

LOCK TABLES `c_value_index_floats` WRITE;
/*!40000 ALTER TABLE `c_value_index_floats` DISABLE KEYS */;
/*!40000 ALTER TABLE `c_value_index_floats` ENABLE KEYS */;
UNLOCK TABLES;

--
-- Table structure for table `c_value_index_integers`
--

DROP TABLE IF EXISTS `c_value_index_integers`;
/*!40101 SET @saved_cs_client     = @@character_set_client */;
/*!40101 SET character_set_client = utf8 */;
CREATE TABLE `c_value_index_integers` (
  `deleted_at` datetime DEFAULT NULL,
  `deleted` tinyint(1) DEFAULT NULL,
  `created_at` datetime DEFAULT NULL,
  `updated_at` datetime DEFAULT NULL,
  `id` int(11) NOT NULL AUTO_INCREMENT,
  `ci_id` int(11) NOT NULL,
  `attr_id` int(11) NOT NULL,
  `value` int(11) NOT NULL,
  PRIMARY KEY (`id`),
  KEY `ci_id` (`ci_id`),
  KEY `integer_attr_value_index` (`attr_id`,`value`),
  KEY `ix_c_value_index_integers_deleted` (`deleted`),
  CONSTRAINT `c_value_index_integers_ibfk_1` FOREIGN KEY (`ci_id`) REFERENCES `c_cis` (`id`),
  CONSTRAINT `c_value_index_integers_ibfk_2` FOREIGN KEY (`attr_id`) REFERENCES `c_attributes` (`id`)
) ENGINE=InnoDB AUTO_INCREMENT=101 DEFAULT CHARSET=utf8;
/*!40101 SET character_set_client = @saved_cs_client */;

--
-- Dumping data for table `c_value_index_integers`
--

LOCK TABLES `c_value_index_integers` WRITE;
/*!40000 ALTER TABLE `c_value_index_integers` DISABLE KEYS */;
INSERT INTO `c_value_index_integers` VALUES (NULL,0,'2019-08-25 12:14:58',NULL,1,2,22,2),(NULL,0,'2019-08-25 12:14:58',NULL,2,2,23,40),(NULL,0,'2019-08-25 13:35:56',NULL,3,4,22,2),(NULL,0,'2019-08-25 13:35:56',NULL,4,5,22,2),(NULL,0,'2019-08-25 13:35:56',NULL,5,6,22,2),(NULL,0,'2019-08-25 13:35:56',NULL,6,3,22,2),(NULL,0,'2019-08-25 13:35:56',NULL,7,7,22,2),(NULL,0,'2019-08-25 13:35:56',NULL,8,4,23,40),(NULL,0,'2019-08-25 13:35:56',NULL,9,5,23,40),(NULL,0,'2019-08-25 13:35:56',NULL,10,3,23,40),(NULL,0,'2019-08-25 13:35:57',NULL,11,6,23,40),(NULL,0,'2019-08-25 13:35:57',NULL,12,7,23,40),(NULL,0,'2019-08-25 13:35:57',NULL,13,8,22,2),(NULL,0,'2019-08-25 13:35:58',NULL,14,9,22,2),(NULL,0,'2019-08-25 13:35:58',NULL,15,10,22,2),(NULL,0,'2019-08-25 13:35:58',NULL,16,12,22,2),(NULL,0,'2019-08-25 13:35:58',NULL,17,11,22,2),(NULL,0,'2019-08-25 13:35:58',NULL,18,13,22,2),(NULL,0,'2019-08-25 13:35:58',NULL,19,8,23,40),(NULL,0,'2019-08-25 13:35:58',NULL,20,10,23,40),(NULL,0,'2019-08-25 13:35:58',NULL,21,9,23,40),(NULL,0,'2019-08-25 13:35:58',NULL,22,12,23,40),(NULL,0,'2019-08-25 13:35:58',NULL,23,13,23,40),(NULL,0,'2019-08-25 13:35:58',NULL,24,11,23,40),(NULL,0,'2019-08-25 13:35:59',NULL,25,14,22,2),(NULL,0,'2019-08-25 13:35:59',NULL,26,15,22,2),(NULL,0,'2019-08-25 13:35:59',NULL,27,16,22,2),(NULL,0,'2019-08-25 13:36:00',NULL,28,18,22,2),(NULL,0,'2019-08-25 13:36:00',NULL,29,17,22,2),(NULL,0,'2019-08-25 13:36:00',NULL,30,19,22,2),(NULL,0,'2019-08-25 13:36:00',NULL,31,14,23,40),(NULL,0,'2019-08-25 13:36:00',NULL,32,15,23,40),(NULL,0,'2019-08-25 13:36:00',NULL,33,18,23,40),(NULL,0,'2019-08-25 13:36:00',NULL,34,16,23,40),(NULL,0,'2019-08-25 13:36:00',NULL,35,17,23,40),(NULL,0,'2019-08-25 13:36:00',NULL,36,19,23,40),(NULL,0,'2019-08-25 13:36:01',NULL,37,20,22,2),(NULL,0,'2019-08-25 13:36:01',NULL,38,21,22,2),(NULL,0,'2019-08-25 13:36:01',NULL,39,23,22,2),(NULL,0,'2019-08-25 13:36:01',NULL,40,22,22,2),(NULL,0,'2019-08-25 13:36:02',NULL,41,24,22,2),(NULL,0,'2019-08-25 13:36:02',NULL,42,25,22,2),(NULL,0,'2019-08-25 13:36:02',NULL,43,29,22,2),(NULL,0,'2019-08-25 13:36:03',NULL,44,32,22,2),(NULL,0,'2019-08-25 13:36:03',NULL,45,28,22,2),(NULL,0,'2019-08-25 13:36:03',NULL,46,33,22,2),(NULL,0,'2019-08-25 13:36:03',NULL,47,31,22,2),(NULL,0,'2019-08-25 13:36:03',NULL,48,27,22,2),(NULL,0,'2019-08-25 13:36:03',NULL,49,34,22,2),(NULL,0,'2019-08-25 13:36:03',NULL,50,26,22,2),(NULL,0,'2019-08-25 13:36:03',NULL,51,35,22,2),(NULL,0,'2019-08-25 13:36:03',NULL,52,37,22,2),(NULL,0,'2019-08-25 13:36:03',NULL,53,39,22,2),(NULL,0,'2019-08-25 13:36:03',NULL,54,45,22,2),(NULL,0,'2019-08-25 13:36:03',NULL,55,36,22,2),(NULL,0,'2019-08-25 13:36:03',NULL,56,48,22,2),(NULL,0,'2019-08-25 13:36:03',NULL,57,41,22,2),(NULL,0,'2019-08-25 13:36:03',NULL,58,40,22,2),(NULL,0,'2019-08-25 13:36:03',NULL,59,43,22,2),(NULL,0,'2019-08-25 13:36:03',NULL,60,42,22,2),(NULL,0,'2019-08-25 13:36:03',NULL,61,30,22,2),(NULL,0,'2019-08-25 13:36:03',NULL,62,38,22,2),(NULL,0,'2019-08-25 13:36:03',NULL,63,50,22,2),(NULL,0,'2019-08-25 13:36:03',NULL,64,44,22,2),(NULL,0,'2019-08-25 13:36:03',NULL,65,49,22,2),(NULL,0,'2019-08-25 13:36:03',NULL,66,46,22,2),(NULL,0,'2019-08-25 13:36:03',NULL,67,51,22,2),(NULL,0,'2019-08-25 13:36:04',NULL,68,47,22,2),(NULL,0,'2019-08-25 13:36:04',NULL,69,20,23,40),(NULL,0,'2019-08-25 13:36:05',NULL,70,23,23,40),(NULL,0,'2019-08-25 13:36:05',NULL,71,21,23,40),(NULL,0,'2019-08-25 13:36:05',NULL,72,22,23,40),(NULL,0,'2019-08-25 13:36:05',NULL,73,32,23,40),(NULL,0,'2019-08-25 13:36:06',NULL,74,27,23,40),(NULL,0,'2019-08-25 13:36:06',NULL,75,24,23,40),(NULL,0,'2019-08-25 13:36:06',NULL,76,25,23,40),(NULL,0,'2019-08-25 13:36:06',NULL,77,26,23,40),(NULL,0,'2019-08-25 13:36:06',NULL,78,39,23,40),(NULL,0,'2019-08-25 13:36:06',NULL,79,35,23,40),(NULL,0,'2019-08-25 13:36:06',NULL,80,46,23,40),(NULL,0,'2019-08-25 13:36:06',NULL,81,30,23,40),(NULL,0,'2019-08-25 13:36:06',NULL,82,43,23,40),(NULL,0,'2019-08-25 13:36:06',NULL,83,31,23,40),(NULL,0,'2019-08-25 13:36:06',NULL,84,50,23,40),(NULL,0,'2019-08-25 13:36:06',NULL,85,29,23,40),(NULL,0,'2019-08-25 13:36:06',NULL,86,42,23,40),(NULL,0,'2019-08-25 13:36:06',NULL,87,28,23,40),(NULL,0,'2019-08-25 13:36:06',NULL,88,37,23,40),(NULL,0,'2019-08-25 13:36:07',NULL,89,48,23,40),(NULL,0,'2019-08-25 13:36:07',NULL,90,45,23,40),(NULL,0,'2019-08-25 13:36:07',NULL,91,33,23,40),(NULL,0,'2019-08-25 13:36:07',NULL,92,36,23,40),(NULL,0,'2019-08-25 13:36:07',NULL,93,40,23,40),(NULL,0,'2019-08-25 13:36:07',NULL,94,47,23,40),(NULL,0,'2019-08-25 13:36:07',NULL,95,34,23,40),(NULL,0,'2019-08-25 13:36:07',NULL,96,44,23,40),(NULL,0,'2019-08-25 13:36:07',NULL,97,51,23,40),(NULL,0,'2019-08-25 13:36:07',NULL,98,41,23,40),(NULL,0,'2019-08-25 13:36:07',NULL,99,49,23,40),(NULL,0,'2019-08-25 13:36:07',NULL,100,38,23,40);
/*!40000 ALTER TABLE `c_value_index_integers` ENABLE KEYS */;
UNLOCK TABLES;

--
-- Table structure for table `c_value_index_texts`
--

DROP TABLE IF EXISTS `c_value_index_texts`;
/*!40101 SET @saved_cs_client     = @@character_set_client */;
/*!40101 SET character_set_client = utf8 */;
CREATE TABLE `c_value_index_texts` (
  `deleted_at` datetime DEFAULT NULL,
  `deleted` tinyint(1) DEFAULT NULL,
  `created_at` datetime DEFAULT NULL,
  `updated_at` datetime DEFAULT NULL,
  `id` int(11) NOT NULL AUTO_INCREMENT,
  `ci_id` int(11) NOT NULL,
  `attr_id` int(11) NOT NULL,
  `value` varchar(128) NOT NULL,
  PRIMARY KEY (`id`),
  KEY `ci_id` (`ci_id`),
  KEY `ix_c_value_index_texts_deleted` (`deleted`),
  KEY `text_attr_value_index` (`attr_id`,`value`),
  CONSTRAINT `c_value_index_texts_ibfk_1` FOREIGN KEY (`ci_id`) REFERENCES `c_cis` (`id`),
  CONSTRAINT `c_value_index_texts_ibfk_2` FOREIGN KEY (`attr_id`) REFERENCES `c_attributes` (`id`)
) ENGINE=InnoDB AUTO_INCREMENT=506 DEFAULT CHARSET=utf8;
/*!40101 SET character_set_client = @saved_cs_client */;

--
-- Dumping data for table `c_value_index_texts`
--

LOCK TABLES `c_value_index_texts` WRITE;
/*!40000 ALTER TABLE `c_value_index_texts` DISABLE KEYS */;
INSERT INTO `c_value_index_texts` VALUES (NULL,0,'2019-08-25 12:11:29',NULL,1,1,4,'cmdb'),(NULL,0,'2019-08-25 12:11:29',NULL,2,1,14,'在线'),(NULL,0,'2019-08-25 12:11:29',NULL,3,1,10,'pycook'),(NULL,0,'2019-08-25 12:11:29',NULL,4,1,11,'pycook'),(NULL,0,'2019-08-25 12:11:29',NULL,5,1,12,'pycook'),(NULL,0,'2019-08-25 12:14:58',NULL,6,2,16,'cmdb01'),(NULL,0,'2019-08-25 12:14:58',NULL,7,2,15,'192.168.100.2'),(NULL,0,'2019-08-25 12:14:58',NULL,8,2,5,'JXCTGQ2'),(NULL,0,'2019-08-25 12:14:58',NULL,9,2,29,'南汇'),(NULL,0,'2019-08-25 12:14:58',NULL,10,2,17,'在线'),(NULL,0,'2019-08-25 12:14:58',NULL,11,2,28,'prod'),(NULL,0,'2019-08-25 12:14:58',NULL,12,2,11,'pycook'),(NULL,0,'2019-08-25 12:14:58',NULL,13,2,19,'CentOS Linux release 7.5.1804 (Core)'),(NULL,0,'2019-08-25 12:14:58',NULL,14,2,20,'3.10.0-862.9.1.el7.x86_64'),(NULL,0,'2019-08-25 12:14:58',NULL,15,2,24,'enable'),(NULL,0,'2019-08-25 13:35:56',NULL,16,4,28,'prod'),(NULL,0,'2019-08-25 13:35:56',NULL,17,5,28,'prod'),(NULL,0,'2019-08-25 13:35:56',NULL,18,6,28,'prod'),(NULL,0,'2019-08-25 13:35:56',NULL,19,3,28,'prod'),(NULL,0,'2019-08-25 13:35:56',NULL,20,7,28,'prod'),(NULL,0,'2019-08-25 13:35:56',NULL,21,4,16,'cmdb04'),(NULL,0,'2019-08-25 13:35:56',NULL,22,5,16,'cmdb05'),(NULL,0,'2019-08-25 13:35:56',NULL,23,6,16,'cmdb06'),(NULL,0,'2019-08-25 13:35:56',NULL,24,3,16,'cmdb02'),(NULL,0,'2019-08-25 13:35:56',NULL,25,7,16,'cmdb03'),(NULL,0,'2019-08-25 13:35:56',NULL,26,4,24,'enable'),(NULL,0,'2019-08-25 13:35:56',NULL,27,5,24,'enable'),(NULL,0,'2019-08-25 13:35:56',NULL,28,6,24,'enable'),(NULL,0,'2019-08-25 13:35:56',NULL,29,3,24,'enable'),(NULL,0,'2019-08-25 13:35:56',NULL,30,7,24,'enable'),(NULL,0,'2019-08-25 13:35:56',NULL,31,5,29,'南汇'),(NULL,0,'2019-08-25 13:35:56',NULL,32,4,29,'南汇'),(NULL,0,'2019-08-25 13:35:56',NULL,33,3,29,'南汇'),(NULL,0,'2019-08-25 13:35:56',NULL,34,6,29,'南汇'),(NULL,0,'2019-08-25 13:35:56',NULL,35,7,29,'南汇'),(NULL,0,'2019-08-25 13:35:56',NULL,36,5,20,'3.10.0-862.9.1.el7.x86_64'),(NULL,0,'2019-08-25 13:35:56',NULL,37,4,20,'3.10.0-862.9.1.el7.x86_64'),(NULL,0,'2019-08-25 13:35:56',NULL,38,3,20,'3.10.0-862.9.1.el7.x86_64'),(NULL,0,'2019-08-25 13:35:56',NULL,39,6,20,'3.10.0-862.9.1.el7.x86_64'),(NULL,0,'2019-08-25 13:35:56',NULL,40,7,20,'3.10.0-862.9.1.el7.x86_64'),(NULL,0,'2019-08-25 13:35:57',NULL,41,4,11,'pycook'),(NULL,0,'2019-08-25 13:35:57',NULL,42,5,11,'pycook'),(NULL,0,'2019-08-25 13:35:57',NULL,43,3,11,'pycook'),(NULL,0,'2019-08-25 13:35:57',NULL,44,6,11,'pycook'),(NULL,0,'2019-08-25 13:35:57',NULL,45,5,19,'CentOS Linux release 7.5.1804 (Core)'),(NULL,0,'2019-08-25 13:35:57',NULL,46,4,19,'CentOS Linux release 7.5.1804 (Core)'),(NULL,0,'2019-08-25 13:35:57',NULL,47,7,11,'pycook'),(NULL,0,'2019-08-25 13:35:57',NULL,48,3,19,'CentOS Linux release 7.5.1804 (Core)'),(NULL,0,'2019-08-25 13:35:57',NULL,49,6,19,'CentOS Linux release 7.5.1804 (Core)'),(NULL,0,'2019-08-25 13:35:57',NULL,50,5,15,'192.168.100.6'),(NULL,0,'2019-08-25 13:35:57',NULL,51,4,15,'192.168.100.5'),(NULL,0,'2019-08-25 13:35:57',NULL,52,7,19,'CentOS Linux release 7.5.1804 (Core)'),(NULL,0,'2019-08-25 13:35:57',NULL,53,3,15,'192.168.100.3'),(NULL,0,'2019-08-25 13:35:57',NULL,54,6,15,'192.168.100.7'),(NULL,0,'2019-08-25 13:35:57',NULL,55,7,15,'192.168.100.4'),(NULL,0,'2019-08-25 13:35:57',NULL,56,5,5,'JXCTGQ6'),(NULL,0,'2019-08-25 13:35:57',NULL,57,6,5,'JXCTGQ7'),(NULL,0,'2019-08-25 13:35:57',NULL,58,4,5,'JXCTGQ5'),(NULL,0,'2019-08-25 13:35:57',NULL,59,3,5,'JXCTGQ3'),(NULL,0,'2019-08-25 13:35:57',NULL,60,7,5,'JXCTGQ4'),(NULL,0,'2019-08-25 13:35:57',NULL,61,5,17,'在线'),(NULL,0,'2019-08-25 13:35:57',NULL,62,6,17,'在线'),(NULL,0,'2019-08-25 13:35:57',NULL,63,4,17,'在线'),(NULL,0,'2019-08-25 13:35:57',NULL,64,3,17,'在线'),(NULL,0,'2019-08-25 13:35:57',NULL,65,7,17,'在线'),(NULL,0,'2019-08-25 13:35:57',NULL,66,8,28,'prod'),(NULL,0,'2019-08-25 13:35:58',NULL,67,8,16,'cmdb07'),(NULL,0,'2019-08-25 13:35:58',NULL,68,8,24,'enable'),(NULL,0,'2019-08-25 13:35:58',NULL,69,10,28,'prod'),(NULL,0,'2019-08-25 13:35:58',NULL,70,9,28,'prod'),(NULL,0,'2019-08-25 13:35:58',NULL,71,12,28,'prod'),(NULL,0,'2019-08-25 13:35:58',NULL,72,8,29,'南汇'),(NULL,0,'2019-08-25 13:35:58',NULL,73,11,28,'prod'),(NULL,0,'2019-08-25 13:35:58',NULL,74,13,28,'prod'),(NULL,0,'2019-08-25 13:35:58',NULL,75,10,16,'cmdb09'),(NULL,0,'2019-08-25 13:35:58',NULL,76,9,16,'cmdb08'),(NULL,0,'2019-08-25 13:35:58',NULL,77,8,20,'3.10.0-862.9.1.el7.x86_64'),(NULL,0,'2019-08-25 13:35:58',NULL,78,12,16,'cmdb12'),(NULL,0,'2019-08-25 13:35:58',NULL,79,11,16,'cmdb11'),(NULL,0,'2019-08-25 13:35:58',NULL,80,10,24,'enable'),(NULL,0,'2019-08-25 13:35:58',NULL,81,13,16,'cmdb10'),(NULL,0,'2019-08-25 13:35:58',NULL,82,9,24,'enable'),(NULL,0,'2019-08-25 13:35:58',NULL,83,12,24,'enable'),(NULL,0,'2019-08-25 13:35:58',NULL,84,11,24,'enable'),(NULL,0,'2019-08-25 13:35:58',NULL,85,10,29,'南汇'),(NULL,0,'2019-08-25 13:35:58',NULL,86,13,24,'enable'),(NULL,0,'2019-08-25 13:35:58',NULL,87,8,11,'pycook'),(NULL,0,'2019-08-25 13:35:58',NULL,88,9,29,'南汇'),(NULL,0,'2019-08-25 13:35:58',NULL,89,12,29,'南汇'),(NULL,0,'2019-08-25 13:35:58',NULL,90,10,20,'3.10.0-862.9.1.el7.x86_64'),(NULL,0,'2019-08-25 13:35:58',NULL,91,11,29,'南汇'),(NULL,0,'2019-08-25 13:35:58',NULL,92,8,19,'CentOS Linux release 7.5.1804 (Core)'),(NULL,0,'2019-08-25 13:35:58',NULL,93,9,20,'3.10.0-862.9.1.el7.x86_64'),(NULL,0,'2019-08-25 13:35:58',NULL,94,12,20,'3.10.0-862.9.1.el7.x86_64'),(NULL,0,'2019-08-25 13:35:58',NULL,95,13,29,'南汇'),(NULL,0,'2019-08-25 13:35:58',NULL,96,11,20,'3.10.0-862.9.1.el7.x86_64'),(NULL,0,'2019-08-25 13:35:58',NULL,97,13,20,'3.10.0-862.9.1.el7.x86_64'),(NULL,0,'2019-08-25 13:35:58',NULL,98,8,15,'192.168.100.8'),(NULL,0,'2019-08-25 13:35:58',NULL,99,10,11,'pycook'),(NULL,0,'2019-08-25 13:35:58',NULL,100,9,11,'pycook'),(NULL,0,'2019-08-25 13:35:58',NULL,101,12,11,'pycook'),(NULL,0,'2019-08-25 13:35:58',NULL,102,10,19,'CentOS Linux release 7.5.1804 (Core)'),(NULL,0,'2019-08-25 13:35:58',NULL,103,11,11,'pycook'),(NULL,0,'2019-08-25 13:35:58',NULL,104,9,19,'CentOS Linux release 7.5.1804 (Core)'),(NULL,0,'2019-08-25 13:35:58',NULL,105,13,11,'pycook'),(NULL,0,'2019-08-25 13:35:58',NULL,106,12,19,'CentOS Linux release 7.5.1804 (Core)'),(NULL,0,'2019-08-25 13:35:59',NULL,107,9,15,'192.168.100.9'),(NULL,0,'2019-08-25 13:35:59',NULL,108,11,19,'CentOS Linux release 7.5.1804 (Core)'),(NULL,0,'2019-08-25 13:35:59',NULL,109,10,15,'192.168.100.10'),(NULL,0,'2019-08-25 13:35:59',NULL,110,13,19,'CentOS Linux release 7.5.1804 (Core)'),(NULL,0,'2019-08-25 13:35:59',NULL,111,12,15,'192.168.100.13'),(NULL,0,'2019-08-25 13:35:59',NULL,112,8,5,'JXCTGQ8'),(NULL,0,'2019-08-25 13:35:59',NULL,113,11,15,'192.168.100.12'),(NULL,0,'2019-08-25 13:35:59',NULL,114,13,15,'192.168.100.11'),(NULL,0,'2019-08-25 13:35:59',NULL,115,8,17,'在线'),(NULL,0,'2019-08-25 13:35:59',NULL,116,10,5,'JXCTGQ10'),(NULL,0,'2019-08-25 13:35:59',NULL,117,12,5,'JXCTGQ13'),(NULL,0,'2019-08-25 13:35:59',NULL,118,9,5,'JXCTGQ9'),(NULL,0,'2019-08-25 13:35:59',NULL,119,13,5,'JXCTGQ11'),(NULL,0,'2019-08-25 13:35:59',NULL,120,10,17,'在线'),(NULL,0,'2019-08-25 13:35:59',NULL,121,11,5,'JXCTGQ12'),(NULL,0,'2019-08-25 13:35:59',NULL,122,9,17,'在线'),(NULL,0,'2019-08-25 13:35:59',NULL,123,12,17,'在线'),(NULL,0,'2019-08-25 13:35:59',NULL,124,13,17,'在线'),(NULL,0,'2019-08-25 13:35:59',NULL,125,11,17,'在线'),(NULL,0,'2019-08-25 13:35:59',NULL,126,14,28,'prod'),(NULL,0,'2019-08-25 13:35:59',NULL,127,14,16,'cmdb13'),(NULL,0,'2019-08-25 13:36:00',NULL,128,15,28,'prod'),(NULL,0,'2019-08-25 13:36:00',NULL,129,14,24,'enable'),(NULL,0,'2019-08-25 13:36:00',NULL,130,16,28,'prod'),(NULL,0,'2019-08-25 13:36:00',NULL,131,15,16,'cmdb14'),(NULL,0,'2019-08-25 13:36:00',NULL,132,18,28,'prod'),(NULL,0,'2019-08-25 13:36:00',NULL,133,17,28,'prod'),(NULL,0,'2019-08-25 13:36:00',NULL,134,14,29,'南汇'),(NULL,0,'2019-08-25 13:36:00',NULL,135,15,24,'enable'),(NULL,0,'2019-08-25 13:36:00',NULL,136,19,28,'prod'),(NULL,0,'2019-08-25 13:36:00',NULL,137,16,16,'cmdb15'),(NULL,0,'2019-08-25 13:36:00',NULL,138,18,16,'cmdb17'),(NULL,0,'2019-08-25 13:36:00',NULL,139,17,16,'cmdb16'),(NULL,0,'2019-08-25 13:36:00',NULL,140,14,20,'3.10.0-862.9.1.el7.x86_64'),(NULL,0,'2019-08-25 13:36:00',NULL,141,15,29,'南汇'),(NULL,0,'2019-08-25 13:36:00',NULL,142,18,24,'enable'),(NULL,0,'2019-08-25 13:36:00',NULL,143,19,16,'cmdb18'),(NULL,0,'2019-08-25 13:36:00',NULL,144,16,24,'enable'),(NULL,0,'2019-08-25 13:36:00',NULL,145,15,20,'3.10.0-862.9.1.el7.x86_64'),(NULL,0,'2019-08-25 13:36:00',NULL,146,17,24,'enable'),(NULL,0,'2019-08-25 13:36:00',NULL,147,18,29,'南汇'),(NULL,0,'2019-08-25 13:36:00',NULL,148,14,11,'pycook'),(NULL,0,'2019-08-25 13:36:00',NULL,149,19,24,'enable'),(NULL,0,'2019-08-25 13:36:00',NULL,150,16,29,'南汇'),(NULL,0,'2019-08-25 13:36:00',NULL,151,17,29,'南汇'),(NULL,0,'2019-08-25 13:36:00',NULL,152,18,20,'3.10.0-862.9.1.el7.x86_64'),(NULL,0,'2019-08-25 13:36:00',NULL,153,14,19,'CentOS Linux release 7.5.1804 (Core)'),(NULL,0,'2019-08-25 13:36:00',NULL,154,19,29,'南汇'),(NULL,0,'2019-08-25 13:36:00',NULL,155,15,11,'pycook'),(NULL,0,'2019-08-25 13:36:00',NULL,156,17,20,'3.10.0-862.9.1.el7.x86_64'),(NULL,0,'2019-08-25 13:36:00',NULL,157,16,20,'3.10.0-862.9.1.el7.x86_64'),(NULL,0,'2019-08-25 13:36:00',NULL,158,14,15,'192.168.100.14'),(NULL,0,'2019-08-25 13:36:00',NULL,159,19,20,'3.10.0-862.9.1.el7.x86_64'),(NULL,0,'2019-08-25 13:36:00',NULL,160,15,19,'CentOS Linux release 7.5.1804 (Core)'),(NULL,0,'2019-08-25 13:36:00',NULL,161,18,11,'pycook'),(NULL,0,'2019-08-25 13:36:00',NULL,162,15,15,'192.168.100.15'),(NULL,0,'2019-08-25 13:36:00',NULL,163,18,19,'CentOS Linux release 7.5.1804 (Core)'),(NULL,0,'2019-08-25 13:36:00',NULL,164,16,11,'pycook'),(NULL,0,'2019-08-25 13:36:00',NULL,165,17,11,'pycook'),(NULL,0,'2019-08-25 13:36:01',NULL,166,19,11,'pycook'),(NULL,0,'2019-08-25 13:36:01',NULL,167,18,15,'192.168.100.18'),(NULL,0,'2019-08-25 13:36:01',NULL,168,16,19,'CentOS Linux release 7.5.1804 (Core)'),(NULL,0,'2019-08-25 13:36:01',NULL,169,17,19,'CentOS Linux release 7.5.1804 (Core)'),(NULL,0,'2019-08-25 13:36:01',NULL,170,19,19,'CentOS Linux release 7.5.1804 (Core)'),(NULL,0,'2019-08-25 13:36:01',NULL,171,14,5,'JXCTGQ14'),(NULL,0,'2019-08-25 13:36:01',NULL,172,16,15,'192.168.100.16'),(NULL,0,'2019-08-25 13:36:01',NULL,173,17,15,'192.168.100.17'),(NULL,0,'2019-08-25 13:36:01',NULL,174,15,5,'JXCTGQ15'),(NULL,0,'2019-08-25 13:36:01',NULL,175,19,15,'192.168.100.19'),(NULL,0,'2019-08-25 13:36:01',NULL,176,14,17,'在线'),(NULL,0,'2019-08-25 13:36:01',NULL,177,15,17,'在线'),(NULL,0,'2019-08-25 13:36:01',NULL,178,18,5,'JXCTGQ18'),(NULL,0,'2019-08-25 13:36:01',NULL,179,18,17,'在线'),(NULL,0,'2019-08-25 13:36:01',NULL,180,17,5,'JXCTGQ17'),(NULL,0,'2019-08-25 13:36:01',NULL,181,16,5,'JXCTGQ16'),(NULL,0,'2019-08-25 13:36:01',NULL,182,16,17,'在线'),(NULL,0,'2019-08-25 13:36:01',NULL,183,17,17,'在线'),(NULL,0,'2019-08-25 13:36:01',NULL,184,19,5,'JXCTGQ19'),(NULL,0,'2019-08-25 13:36:01',NULL,185,20,28,'prod'),(NULL,0,'2019-08-25 13:36:01',NULL,186,19,17,'在线'),(NULL,0,'2019-08-25 13:36:01',NULL,187,20,16,'cmdb19'),(NULL,0,'2019-08-25 13:36:02',NULL,188,21,28,'prod'),(NULL,0,'2019-08-25 13:36:02',NULL,189,23,28,'prod'),(NULL,0,'2019-08-25 13:36:02',NULL,190,20,24,'enable'),(NULL,0,'2019-08-25 13:36:02',NULL,191,22,28,'prod'),(NULL,0,'2019-08-25 13:36:02',NULL,192,21,16,'cmdb20'),(NULL,0,'2019-08-25 13:36:02',NULL,193,24,28,'prod'),(NULL,0,'2019-08-25 13:36:02',NULL,194,23,16,'cmdb22'),(NULL,0,'2019-08-25 13:36:03',NULL,195,20,29,'南汇'),(NULL,0,'2019-08-25 13:36:03',NULL,196,25,28,'prod'),(NULL,0,'2019-08-25 13:36:03',NULL,197,22,16,'cmdb21'),(NULL,0,'2019-08-25 13:36:03',NULL,198,21,24,'enable'),(NULL,0,'2019-08-25 13:36:03',NULL,199,32,28,'prod'),(NULL,0,'2019-08-25 13:36:03',NULL,200,23,24,'enable'),(NULL,0,'2019-08-25 13:36:03',NULL,201,28,28,'prod'),(NULL,0,'2019-08-25 13:36:03',NULL,202,24,16,'cmdb23'),(NULL,0,'2019-08-25 13:36:03',NULL,203,27,28,'prod'),(NULL,0,'2019-08-25 13:36:03',NULL,204,25,16,'cmdb26'),(NULL,0,'2019-08-25 13:36:03',NULL,205,20,20,'3.10.0-862.9.1.el7.x86_64'),(NULL,0,'2019-08-25 13:36:03',NULL,206,31,28,'prod'),(NULL,0,'2019-08-25 13:36:03',NULL,207,26,28,'prod'),(NULL,0,'2019-08-25 13:36:03',NULL,208,39,28,'prod'),(NULL,0,'2019-08-25 13:36:03',NULL,209,21,29,'南汇'),(NULL,0,'2019-08-25 13:36:03',NULL,210,32,16,'cmdb31'),(NULL,0,'2019-08-25 13:36:03',NULL,211,36,28,'prod'),(NULL,0,'2019-08-25 13:36:03',NULL,212,45,28,'prod'),(NULL,0,'2019-08-25 13:36:03',NULL,213,35,28,'prod'),(NULL,0,'2019-08-25 13:36:03',NULL,214,34,28,'prod'),(NULL,0,'2019-08-25 13:36:03',NULL,215,43,28,'prod'),(NULL,0,'2019-08-25 13:36:04',NULL,216,23,29,'南汇'),(NULL,0,'2019-08-25 13:36:04',NULL,217,30,28,'prod'),(NULL,0,'2019-08-25 13:36:04',NULL,218,26,16,'cmdb28'),(NULL,0,'2019-08-25 13:36:04',NULL,219,50,28,'prod'),(NULL,0,'2019-08-25 13:36:04',NULL,220,22,24,'enable'),(NULL,0,'2019-08-25 13:36:04',NULL,221,29,28,'prod'),(NULL,0,'2019-08-25 13:36:04',NULL,222,24,24,'enable'),(NULL,0,'2019-08-25 13:36:04',NULL,223,42,28,'prod'),(NULL,0,'2019-08-25 13:36:04',NULL,224,27,16,'cmdb27'),(NULL,0,'2019-08-25 13:36:04',NULL,225,31,16,'cmdb29'),(NULL,0,'2019-08-25 13:36:04',NULL,226,40,28,'prod'),(NULL,0,'2019-08-25 13:36:04',NULL,227,37,28,'prod'),(NULL,0,'2019-08-25 13:36:04',NULL,228,48,28,'prod'),(NULL,0,'2019-08-25 13:36:04',NULL,229,38,28,'prod'),(NULL,0,'2019-08-25 13:36:04',NULL,230,33,28,'prod'),(NULL,0,'2019-08-25 13:36:04',NULL,231,46,28,'prod'),(NULL,0,'2019-08-25 13:36:04',NULL,232,41,28,'prod'),(NULL,0,'2019-08-25 13:36:04',NULL,233,44,28,'prod'),(NULL,0,'2019-08-25 13:36:04',NULL,234,36,16,'cmdb36'),(NULL,0,'2019-08-25 13:36:04',NULL,235,21,20,'3.10.0-862.9.1.el7.x86_64'),(NULL,0,'2019-08-25 13:36:04',NULL,236,25,24,'enable'),(NULL,0,'2019-08-25 13:36:04',NULL,237,43,16,'cmdb35'),(NULL,0,'2019-08-25 13:36:04',NULL,238,32,24,'enable'),(NULL,0,'2019-08-25 13:36:04',NULL,239,35,16,'cmdb32'),(NULL,0,'2019-08-25 13:36:04',NULL,240,45,16,'cmdb46'),(NULL,0,'2019-08-25 13:36:04',NULL,241,49,28,'prod'),(NULL,0,'2019-08-25 13:36:04',NULL,242,22,29,'南汇'),(NULL,0,'2019-08-25 13:36:04',NULL,243,42,16,'cmdb42'),(NULL,0,'2019-08-25 13:36:04',NULL,244,51,28,'prod'),(NULL,0,'2019-08-25 13:36:04',NULL,245,28,16,'cmdb24'),(NULL,0,'2019-08-25 13:36:04',NULL,246,50,16,'cmdb50'),(NULL,0,'2019-08-25 13:36:04',NULL,247,27,24,'enable'),(NULL,0,'2019-08-25 13:36:04',NULL,248,39,16,'cmdb41'),(NULL,0,'2019-08-25 13:36:04',NULL,249,30,16,'cmdb33'),(NULL,0,'2019-08-25 13:36:04',NULL,250,23,20,'3.10.0-862.9.1.el7.x86_64'),(NULL,0,'2019-08-25 13:36:04',NULL,251,29,16,'cmdb25'),(NULL,0,'2019-08-25 13:36:04',NULL,252,20,11,'pycook'),(NULL,0,'2019-08-25 13:36:04',NULL,253,33,16,'cmdb34'),(NULL,0,'2019-08-25 13:36:04',NULL,254,37,16,'cmdb37'),(NULL,0,'2019-08-25 13:36:04',NULL,255,46,16,'cmdb43'),(NULL,0,'2019-08-25 13:36:04',NULL,256,26,24,'enable'),(NULL,0,'2019-08-25 13:36:04',NULL,257,48,16,'cmdb38'),(NULL,0,'2019-08-25 13:36:04',NULL,258,24,29,'南汇'),(NULL,0,'2019-08-25 13:36:04',NULL,259,36,24,'enable'),(NULL,0,'2019-08-25 13:36:04',NULL,260,34,16,'cmdb30'),(NULL,0,'2019-08-25 13:36:04',NULL,261,51,16,'cmdb49'),(NULL,0,'2019-08-25 13:36:04',NULL,262,32,29,'南汇'),(NULL,0,'2019-08-25 13:36:04',NULL,263,35,24,'enable'),(NULL,0,'2019-08-25 13:36:04',NULL,264,22,20,'3.10.0-862.9.1.el7.x86_64'),(NULL,0,'2019-08-25 13:36:04',NULL,265,47,28,'prod'),(NULL,0,'2019-08-25 13:36:04',NULL,266,41,16,'cmdb40'),(NULL,0,'2019-08-25 13:36:05',NULL,267,50,24,'enable'),(NULL,0,'2019-08-25 13:36:05',NULL,268,39,24,'enable'),(NULL,0,'2019-08-25 13:36:05',NULL,269,30,24,'enable'),(NULL,0,'2019-08-25 13:36:05',NULL,270,45,24,'enable'),(NULL,0,'2019-08-25 13:36:05',NULL,271,40,16,'cmdb44'),(NULL,0,'2019-08-25 13:36:05',NULL,272,20,19,'CentOS Linux release 7.5.1804 (Core)'),(NULL,0,'2019-08-25 13:36:05',NULL,273,49,16,'cmdb47'),(NULL,0,'2019-08-25 13:36:05',NULL,274,25,29,'南汇'),(NULL,0,'2019-08-25 13:36:05',NULL,275,31,24,'enable'),(NULL,0,'2019-08-25 13:36:05',NULL,276,44,16,'cmdb45'),(NULL,0,'2019-08-25 13:36:05',NULL,277,46,24,'enable'),(NULL,0,'2019-08-25 13:36:05',NULL,278,43,24,'enable'),(NULL,0,'2019-08-25 13:36:05',NULL,279,42,24,'enable'),(NULL,0,'2019-08-25 13:36:05',NULL,280,26,29,'南汇'),(NULL,0,'2019-08-25 13:36:05',NULL,281,37,24,'enable'),(NULL,0,'2019-08-25 13:36:05',NULL,282,33,24,'enable'),(NULL,0,'2019-08-25 13:36:05',NULL,283,27,29,'南汇'),(NULL,0,'2019-08-25 13:36:05',NULL,284,38,16,'cmdb39'),(NULL,0,'2019-08-25 13:36:05',NULL,285,28,24,'enable'),(NULL,0,'2019-08-25 13:36:05',NULL,286,48,24,'enable'),(NULL,0,'2019-08-25 13:36:05',NULL,287,39,29,'南汇'),(NULL,0,'2019-08-25 13:36:05',NULL,288,34,24,'enable'),(NULL,0,'2019-08-25 13:36:05',NULL,289,47,16,'cmdb48'),(NULL,0,'2019-08-25 13:36:05',NULL,290,32,20,'3.10.0-862.9.1.el7.x86_64'),(NULL,0,'2019-08-25 13:36:05',NULL,291,29,24,'enable'),(NULL,0,'2019-08-25 13:36:05',NULL,292,50,29,'南汇'),(NULL,0,'2019-08-25 13:36:05',NULL,293,35,29,'南汇'),(NULL,0,'2019-08-25 13:36:05',NULL,294,30,29,'南汇'),(NULL,0,'2019-08-25 13:36:05',NULL,295,20,15,'192.168.100.20'),(NULL,0,'2019-08-25 13:36:05',NULL,296,25,20,'3.10.0-862.9.1.el7.x86_64'),(NULL,0,'2019-08-25 13:36:05',NULL,297,24,20,'3.10.0-862.9.1.el7.x86_64'),(NULL,0,'2019-08-25 13:36:05',NULL,298,31,29,'南汇'),(NULL,0,'2019-08-25 13:36:05',NULL,299,36,29,'南汇'),(NULL,0,'2019-08-25 13:36:05',NULL,300,49,24,'enable'),(NULL,0,'2019-08-25 13:36:05',NULL,301,37,29,'南汇'),(NULL,0,'2019-08-25 13:36:05',NULL,302,42,29,'南汇'),(NULL,0,'2019-08-25 13:36:05',NULL,303,46,29,'南汇'),(NULL,0,'2019-08-25 13:36:05',NULL,304,41,24,'enable'),(NULL,0,'2019-08-25 13:36:05',NULL,305,27,20,'3.10.0-862.9.1.el7.x86_64'),(NULL,0,'2019-08-25 13:36:05',NULL,306,43,29,'南汇'),(NULL,0,'2019-08-25 13:36:05',NULL,307,47,24,'enable'),(NULL,0,'2019-08-25 13:36:05',NULL,308,48,29,'南汇'),(NULL,0,'2019-08-25 13:36:05',NULL,309,28,29,'南汇'),(NULL,0,'2019-08-25 13:36:05',NULL,310,45,29,'南汇'),(NULL,0,'2019-08-25 13:36:05',NULL,311,26,20,'3.10.0-862.9.1.el7.x86_64'),(NULL,0,'2019-08-25 13:36:05',NULL,312,33,29,'南汇'),(NULL,0,'2019-08-25 13:36:05',NULL,313,40,24,'enable'),(NULL,0,'2019-08-25 13:36:05',NULL,314,29,29,'南汇'),(NULL,0,'2019-08-25 13:36:05',NULL,315,44,24,'enable'),(NULL,0,'2019-08-25 13:36:05',NULL,316,50,20,'3.10.0-862.9.1.el7.x86_64'),(NULL,0,'2019-08-25 13:36:05',NULL,317,46,20,'3.10.0-862.9.1.el7.x86_64'),(NULL,0,'2019-08-25 13:36:05',NULL,318,39,20,'3.10.0-862.9.1.el7.x86_64'),(NULL,0,'2019-08-25 13:36:06',NULL,319,35,20,'3.10.0-862.9.1.el7.x86_64'),(NULL,0,'2019-08-25 13:36:06',NULL,320,38,24,'enable'),(NULL,0,'2019-08-25 13:36:06',NULL,321,23,11,'pycook'),(NULL,0,'2019-08-25 13:36:06',NULL,322,43,20,'3.10.0-862.9.1.el7.x86_64'),(NULL,0,'2019-08-25 13:36:06',NULL,323,21,11,'pycook'),(NULL,0,'2019-08-25 13:36:06',NULL,324,51,24,'enable'),(NULL,0,'2019-08-25 13:36:06',NULL,325,36,20,'3.10.0-862.9.1.el7.x86_64'),(NULL,0,'2019-08-25 13:36:06',NULL,326,31,20,'3.10.0-862.9.1.el7.x86_64'),(NULL,0,'2019-08-25 13:36:06',NULL,327,41,29,'南汇'),(NULL,0,'2019-08-25 13:36:06',NULL,328,22,11,'pycook'),(NULL,0,'2019-08-25 13:36:06',NULL,329,28,20,'3.10.0-862.9.1.el7.x86_64'),(NULL,0,'2019-08-25 13:36:06',NULL,330,30,20,'3.10.0-862.9.1.el7.x86_64'),(NULL,0,'2019-08-25 13:36:06',NULL,331,47,29,'南汇'),(NULL,0,'2019-08-25 13:36:06',NULL,332,49,29,'南汇'),(NULL,0,'2019-08-25 13:36:06',NULL,333,44,29,'南汇'),(NULL,0,'2019-08-25 13:36:06',NULL,334,40,29,'南汇'),(NULL,0,'2019-08-25 13:36:06',NULL,335,34,29,'南汇'),(NULL,0,'2019-08-25 13:36:06',NULL,336,37,20,'3.10.0-862.9.1.el7.x86_64'),(NULL,0,'2019-08-25 13:36:06',NULL,337,45,20,'3.10.0-862.9.1.el7.x86_64'),(NULL,0,'2019-08-25 13:36:06',NULL,338,29,20,'3.10.0-862.9.1.el7.x86_64'),(NULL,0,'2019-08-25 13:36:06',NULL,339,33,20,'3.10.0-862.9.1.el7.x86_64'),(NULL,0,'2019-08-25 13:36:06',NULL,340,42,20,'3.10.0-862.9.1.el7.x86_64'),(NULL,0,'2019-08-25 13:36:06',NULL,341,32,11,'pycook'),(NULL,0,'2019-08-25 13:36:06',NULL,342,48,20,'3.10.0-862.9.1.el7.x86_64'),(NULL,0,'2019-08-25 13:36:06',NULL,343,51,29,'南汇'),(NULL,0,'2019-08-25 13:36:06',NULL,344,24,11,'pycook'),(NULL,0,'2019-08-25 13:36:06',NULL,345,23,19,'CentOS Linux release 7.5.1804 (Core)'),(NULL,0,'2019-08-25 13:36:06',NULL,346,27,11,'pycook'),(NULL,0,'2019-08-25 13:36:06',NULL,347,38,29,'南汇'),(NULL,0,'2019-08-25 13:36:06',NULL,348,40,20,'3.10.0-862.9.1.el7.x86_64'),(NULL,0,'2019-08-25 13:36:06',NULL,349,47,20,'3.10.0-862.9.1.el7.x86_64'),(NULL,0,'2019-08-25 13:36:06',NULL,350,26,11,'pycook'),(NULL,0,'2019-08-25 13:36:06',NULL,351,21,19,'CentOS Linux release 7.5.1804 (Core)'),(NULL,0,'2019-08-25 13:36:06',NULL,352,20,5,'JXCTGQ20'),(NULL,0,'2019-08-25 13:36:06',NULL,353,22,19,'CentOS Linux release 7.5.1804 (Core)'),(NULL,0,'2019-08-25 13:36:06',NULL,354,41,20,'3.10.0-862.9.1.el7.x86_64'),(NULL,0,'2019-08-25 13:36:06',NULL,355,39,11,'pycook'),(NULL,0,'2019-08-25 13:36:06',NULL,356,25,11,'pycook'),(NULL,0,'2019-08-25 13:36:06',NULL,357,49,20,'3.10.0-862.9.1.el7.x86_64'),(NULL,0,'2019-08-25 13:36:07',NULL,358,51,20,'3.10.0-862.9.1.el7.x86_64'),(NULL,0,'2019-08-25 13:36:07',NULL,359,32,19,'CentOS Linux release 7.5.1804 (Core)'),(NULL,0,'2019-08-25 13:36:07',NULL,360,44,20,'3.10.0-862.9.1.el7.x86_64'),(NULL,0,'2019-08-25 13:36:07',NULL,361,38,20,'3.10.0-862.9.1.el7.x86_64'),(NULL,0,'2019-08-25 13:36:07',NULL,362,24,19,'CentOS Linux release 7.5.1804 (Core)'),(NULL,0,'2019-08-25 13:36:07',NULL,363,30,11,'pycook'),(NULL,0,'2019-08-25 13:36:07',NULL,364,34,20,'3.10.0-862.9.1.el7.x86_64'),(NULL,0,'2019-08-25 13:36:07',NULL,365,27,19,'CentOS Linux release 7.5.1804 (Core)'),(NULL,0,'2019-08-25 13:36:07',NULL,366,23,15,'192.168.100.23'),(NULL,0,'2019-08-25 13:36:07',NULL,367,50,11,'pycook'),(NULL,0,'2019-08-25 13:36:07',NULL,368,43,11,'pycook'),(NULL,0,'2019-08-25 13:36:07',NULL,369,42,11,'pycook'),(NULL,0,'2019-08-25 13:36:07',NULL,370,29,11,'pycook'),(NULL,0,'2019-08-25 13:36:07',NULL,371,46,11,'pycook'),(NULL,0,'2019-08-25 13:36:07',NULL,372,22,15,'192.168.100.22'),(NULL,0,'2019-08-25 13:36:07',NULL,373,20,17,'在线'),(NULL,0,'2019-08-25 13:36:07',NULL,374,35,11,'pycook'),(NULL,0,'2019-08-25 13:36:07',NULL,375,21,15,'192.168.100.21'),(NULL,0,'2019-08-25 13:36:07',NULL,376,37,11,'pycook'),(NULL,0,'2019-08-25 13:36:07',NULL,377,48,11,'pycook'),(NULL,0,'2019-08-25 13:36:07',NULL,378,28,11,'pycook'),(NULL,0,'2019-08-25 13:36:07',NULL,379,26,19,'CentOS Linux release 7.5.1804 (Core)'),(NULL,0,'2019-08-25 13:36:07',NULL,380,32,15,'192.168.100.32'),(NULL,0,'2019-08-25 13:36:07',NULL,381,39,19,'CentOS Linux release 7.5.1804 (Core)'),(NULL,0,'2019-08-25 13:36:07',NULL,382,25,19,'CentOS Linux release 7.5.1804 (Core)'),(NULL,0,'2019-08-25 13:36:07',NULL,383,33,11,'pycook'),(NULL,0,'2019-08-25 13:36:07',NULL,384,31,11,'pycook'),(NULL,0,'2019-08-25 13:36:07',NULL,385,50,19,'CentOS Linux release 7.5.1804 (Core)'),(NULL,0,'2019-08-25 13:36:07',NULL,386,45,11,'pycook'),(NULL,0,'2019-08-25 13:36:07',NULL,387,42,19,'CentOS Linux release 7.5.1804 (Core)'),(NULL,0,'2019-08-25 13:36:07',NULL,388,29,19,'CentOS Linux release 7.5.1804 (Core)'),(NULL,0,'2019-08-25 13:36:07',NULL,389,36,11,'pycook'),(NULL,0,'2019-08-25 13:36:07',NULL,390,46,19,'CentOS Linux release 7.5.1804 (Core)'),(NULL,0,'2019-08-25 13:36:07',NULL,391,27,15,'192.168.100.28'),(NULL,0,'2019-08-25 13:36:07',NULL,392,47,11,'pycook'),(NULL,0,'2019-08-25 13:36:07',NULL,393,24,15,'192.168.100.24'),(NULL,0,'2019-08-25 13:36:07',NULL,394,30,19,'CentOS Linux release 7.5.1804 (Core)'),(NULL,0,'2019-08-25 13:36:08',NULL,395,39,15,'192.168.100.42'),(NULL,0,'2019-08-25 13:36:08',NULL,396,31,19,'CentOS Linux release 7.5.1804 (Core)'),(NULL,0,'2019-08-25 13:36:08',NULL,397,40,11,'pycook'),(NULL,0,'2019-08-25 13:36:08',NULL,398,33,19,'CentOS Linux release 7.5.1804 (Core)'),(NULL,0,'2019-08-25 13:36:08',NULL,399,34,11,'pycook'),(NULL,0,'2019-08-25 13:36:08',NULL,400,42,15,'192.168.100.43'),(NULL,0,'2019-08-25 13:36:08',NULL,401,44,11,'pycook'),(NULL,0,'2019-08-25 13:36:08',NULL,402,37,19,'CentOS Linux release 7.5.1804 (Core)'),(NULL,0,'2019-08-25 13:36:08',NULL,403,41,11,'pycook'),(NULL,0,'2019-08-25 13:36:08',NULL,404,50,15,'192.168.100.51'),(NULL,0,'2019-08-25 13:36:08',NULL,405,36,19,'CentOS Linux release 7.5.1804 (Core)'),(NULL,0,'2019-08-25 13:36:08',NULL,406,25,15,'192.168.100.27'),(NULL,0,'2019-08-25 13:36:08',NULL,407,35,19,'CentOS Linux release 7.5.1804 (Core)'),(NULL,0,'2019-08-25 13:36:08',NULL,408,26,15,'192.168.100.29'),(NULL,0,'2019-08-25 13:36:08',NULL,409,49,11,'pycook'),(NULL,0,'2019-08-25 13:36:08',NULL,410,28,19,'CentOS Linux release 7.5.1804 (Core)'),(NULL,0,'2019-08-25 13:36:08',NULL,411,38,11,'pycook'),(NULL,0,'2019-08-25 13:36:08',NULL,412,43,19,'CentOS Linux release 7.5.1804 (Core)'),(NULL,0,'2019-08-25 13:36:08',NULL,413,45,19,'CentOS Linux release 7.5.1804 (Core)'),(NULL,0,'2019-08-25 13:36:08',NULL,414,29,15,'192.168.100.26'),(NULL,0,'2019-08-25 13:36:08',NULL,415,47,19,'CentOS Linux release 7.5.1804 (Core)'),(NULL,0,'2019-08-25 13:36:08',NULL,416,48,19,'CentOS Linux release 7.5.1804 (Core)'),(NULL,0,'2019-08-25 13:36:08',NULL,417,46,15,'192.168.100.44'),(NULL,0,'2019-08-25 13:36:08',NULL,418,31,15,'192.168.100.30'),(NULL,0,'2019-08-25 13:36:08',NULL,419,51,11,'pycook'),(NULL,0,'2019-08-25 13:36:08',NULL,420,40,19,'CentOS Linux release 7.5.1804 (Core)'),(NULL,0,'2019-08-25 13:36:08',NULL,421,30,15,'192.168.100.34'),(NULL,0,'2019-08-25 13:36:08',NULL,422,44,19,'CentOS Linux release 7.5.1804 (Core)'),(NULL,0,'2019-08-25 13:36:08',NULL,423,23,5,'JXCTGQ23'),(NULL,0,'2019-08-25 13:36:08',NULL,424,38,19,'CentOS Linux release 7.5.1804 (Core)'),(NULL,0,'2019-08-25 13:36:08',NULL,425,22,5,'JXCTGQ22'),(NULL,0,'2019-08-25 13:36:08',NULL,426,43,15,'192.168.100.36'),(NULL,0,'2019-08-25 13:36:08',NULL,427,28,15,'192.168.100.25'),(NULL,0,'2019-08-25 13:36:08',NULL,428,49,19,'CentOS Linux release 7.5.1804 (Core)'),(NULL,0,'2019-08-25 13:36:08',NULL,429,37,15,'192.168.100.38'),(NULL,0,'2019-08-25 13:36:08',NULL,430,35,15,'192.168.100.33'),(NULL,0,'2019-08-25 13:36:08',NULL,431,33,15,'192.168.100.35'),(NULL,0,'2019-08-25 13:36:08',NULL,432,41,19,'CentOS Linux release 7.5.1804 (Core)'),(NULL,0,'2019-08-25 13:36:08',NULL,433,45,15,'192.168.100.47'),(NULL,0,'2019-08-25 13:36:09',NULL,434,48,15,'192.168.100.39'),(NULL,0,'2019-08-25 13:36:09',NULL,435,36,15,'192.168.100.37'),(NULL,0,'2019-08-25 13:36:09',NULL,436,34,19,'CentOS Linux release 7.5.1804 (Core)'),(NULL,0,'2019-08-25 13:36:09',NULL,437,51,19,'CentOS Linux release 7.5.1804 (Core)'),(NULL,0,'2019-08-25 13:36:09',NULL,438,47,15,'192.168.100.49'),(NULL,0,'2019-08-25 13:36:09',NULL,439,44,15,'192.168.100.46'),(NULL,0,'2019-08-25 13:36:09',NULL,440,32,5,'JXCTGQ32'),(NULL,0,'2019-08-25 13:36:09',NULL,441,49,15,'192.168.100.48'),(NULL,0,'2019-08-25 13:36:09',NULL,442,40,15,'192.168.100.45'),(NULL,0,'2019-08-25 13:36:09',NULL,443,23,17,'在线'),(NULL,0,'2019-08-25 13:36:09',NULL,444,38,15,'192.168.100.40'),(NULL,0,'2019-08-25 13:36:09',NULL,445,41,15,'192.168.100.41'),(NULL,0,'2019-08-25 13:36:09',NULL,446,42,5,'JXCTGQ43'),(NULL,0,'2019-08-25 13:36:09',NULL,447,27,5,'JXCTGQ28'),(NULL,0,'2019-08-25 13:36:09',NULL,448,34,15,'192.168.100.31'),(NULL,0,'2019-08-25 13:36:09',NULL,449,21,5,'JXCTGQ21'),(NULL,0,'2019-08-25 13:36:09',NULL,450,22,17,'在线'),(NULL,0,'2019-08-25 13:36:09',NULL,451,50,5,'JXCTGQ51'),(NULL,0,'2019-08-25 13:36:09',NULL,452,51,15,'192.168.100.50'),(NULL,0,'2019-08-25 13:36:09',NULL,453,32,17,'在线'),(NULL,0,'2019-08-25 13:36:09',NULL,454,24,5,'JXCTGQ24'),(NULL,0,'2019-08-25 13:36:09',NULL,455,39,5,'JXCTGQ42'),(NULL,0,'2019-08-25 13:36:09',NULL,456,26,5,'JXCTGQ29'),(NULL,0,'2019-08-25 13:36:09',NULL,457,25,5,'JXCTGQ27'),(NULL,0,'2019-08-25 13:36:09',NULL,458,42,17,'在线'),(NULL,0,'2019-08-25 13:36:10',NULL,459,21,17,'在线'),(NULL,0,'2019-08-25 13:36:10',NULL,460,46,5,'JXCTGQ44'),(NULL,0,'2019-08-25 13:36:10',NULL,461,29,5,'JXCTGQ26'),(NULL,0,'2019-08-25 13:36:10',NULL,462,50,17,'在线'),(NULL,0,'2019-08-25 13:36:10',NULL,463,27,17,'在线'),(NULL,0,'2019-08-25 13:36:10',NULL,464,24,17,'在线'),(NULL,0,'2019-08-25 13:36:10',NULL,465,28,5,'JXCTGQ25'),(NULL,0,'2019-08-25 13:36:10',NULL,466,35,5,'JXCTGQ33'),(NULL,0,'2019-08-25 13:36:10',NULL,467,33,5,'JXCTGQ35'),(NULL,0,'2019-08-25 13:36:10',NULL,468,43,5,'JXCTGQ36'),(NULL,0,'2019-08-25 13:36:10',NULL,469,30,5,'JXCTGQ34'),(NULL,0,'2019-08-25 13:36:10',NULL,470,26,17,'在线'),(NULL,0,'2019-08-25 13:36:10',NULL,471,25,17,'在线'),(NULL,0,'2019-08-25 13:36:10',NULL,472,31,5,'JXCTGQ30'),(NULL,0,'2019-08-25 13:36:10',NULL,473,36,5,'JXCTGQ37'),(NULL,0,'2019-08-25 13:36:10',NULL,474,49,5,'JXCTGQ48'),(NULL,0,'2019-08-25 13:36:10',NULL,475,46,17,'在线'),(NULL,0,'2019-08-25 13:36:10',NULL,476,47,5,'JXCTGQ49'),(NULL,0,'2019-08-25 13:36:10',NULL,477,39,17,'在线'),(NULL,0,'2019-08-25 13:36:11',NULL,478,45,5,'JXCTGQ47'),(NULL,0,'2019-08-25 13:36:11',NULL,479,43,17,'在线'),(NULL,0,'2019-08-25 13:36:11',NULL,480,35,17,'在线'),(NULL,0,'2019-08-25 13:36:11',NULL,481,40,5,'JXCTGQ45'),(NULL,0,'2019-08-25 13:36:11',NULL,482,37,5,'JXCTGQ38'),(NULL,0,'2019-08-25 13:36:11',NULL,483,28,17,'在线'),(NULL,0,'2019-08-25 13:36:11',NULL,484,29,17,'在线'),(NULL,0,'2019-08-25 13:36:11',NULL,485,30,17,'在线'),(NULL,0,'2019-08-25 13:36:11',NULL,486,33,17,'在线'),(NULL,0,'2019-08-25 13:36:11',NULL,487,36,17,'在线'),(NULL,0,'2019-08-25 13:36:11',NULL,488,48,5,'JXCTGQ39'),(NULL,0,'2019-08-25 13:36:11',NULL,489,51,5,'JXCTGQ50'),(NULL,0,'2019-08-25 13:36:11',NULL,490,49,17,'在线'),(NULL,0,'2019-08-25 13:36:11',NULL,491,44,5,'JXCTGQ46'),(NULL,0,'2019-08-25 13:36:11',NULL,492,41,5,'JXCTGQ41'),(NULL,0,'2019-08-25 13:36:11',NULL,493,45,17,'在线'),(NULL,0,'2019-08-25 13:36:11',NULL,494,47,17,'在线'),(NULL,0,'2019-08-25 13:36:11',NULL,495,34,5,'JXCTGQ31'),(NULL,0,'2019-08-25 13:36:11',NULL,496,31,17,'在线'),(NULL,0,'2019-08-25 13:36:11',NULL,497,38,5,'JXCTGQ40'),(NULL,0,'2019-08-25 13:36:11',NULL,498,37,17,'在线'),(NULL,0,'2019-08-25 13:36:11',NULL,499,40,17,'在线'),(NULL,0,'2019-08-25 13:36:11',NULL,500,48,17,'在线'),(NULL,0,'2019-08-25 13:36:11',NULL,501,51,17,'在线'),(NULL,0,'2019-08-25 13:36:11',NULL,502,44,17,'在线'),(NULL,0,'2019-08-25 13:36:11',NULL,503,41,17,'在线'),(NULL,0,'2019-08-25 13:36:11',NULL,504,34,17,'在线'),(NULL,0,'2019-08-25 13:36:12',NULL,505,38,17,'在线');
/*!40000 ALTER TABLE `c_value_index_texts` ENABLE KEYS */;
UNLOCK TABLES;

--
-- Table structure for table `c_value_integers`
--

DROP TABLE IF EXISTS `c_value_integers`;
/*!40101 SET @saved_cs_client     = @@character_set_client */;
/*!40101 SET character_set_client = utf8 */;
CREATE TABLE `c_value_integers` (
  `deleted_at` datetime DEFAULT NULL,
  `deleted` tinyint(1) DEFAULT NULL,
  `created_at` datetime DEFAULT NULL,
  `updated_at` datetime DEFAULT NULL,
  `id` int(11) NOT NULL AUTO_INCREMENT,
  `ci_id` int(11) NOT NULL,
  `attr_id` int(11) NOT NULL,
  `value` int(11) NOT NULL,
  PRIMARY KEY (`id`),
  KEY `ci_id` (`ci_id`),
  KEY `attr_id` (`attr_id`),
  KEY `ix_c_value_integers_deleted` (`deleted`),
  CONSTRAINT `c_value_integers_ibfk_1` FOREIGN KEY (`ci_id`) REFERENCES `c_cis` (`id`),
  CONSTRAINT `c_value_integers_ibfk_2` FOREIGN KEY (`attr_id`) REFERENCES `c_attributes` (`id`)
) ENGINE=InnoDB DEFAULT CHARSET=utf8;
/*!40101 SET character_set_client = @saved_cs_client */;

--
-- Dumping data for table `c_value_integers`
--

LOCK TABLES `c_value_integers` WRITE;
/*!40000 ALTER TABLE `c_value_integers` DISABLE KEYS */;
/*!40000 ALTER TABLE `c_value_integers` ENABLE KEYS */;
UNLOCK TABLES;

--
-- Table structure for table `c_value_texts`
--

DROP TABLE IF EXISTS `c_value_texts`;
/*!40101 SET @saved_cs_client     = @@character_set_client */;
/*!40101 SET character_set_client = utf8 */;
CREATE TABLE `c_value_texts` (
  `deleted_at` datetime DEFAULT NULL,
  `deleted` tinyint(1) DEFAULT NULL,
  `created_at` datetime DEFAULT NULL,
  `updated_at` datetime DEFAULT NULL,
  `id` int(11) NOT NULL AUTO_INCREMENT,
  `ci_id` int(11) NOT NULL,
  `attr_id` int(11) NOT NULL,
  `value` text NOT NULL,
  PRIMARY KEY (`id`),
  KEY `ci_id` (`ci_id`),
  KEY `attr_id` (`attr_id`),
  KEY `ix_c_value_texts_deleted` (`deleted`),
  CONSTRAINT `c_value_texts_ibfk_1` FOREIGN KEY (`ci_id`) REFERENCES `c_cis` (`id`),
  CONSTRAINT `c_value_texts_ibfk_2` FOREIGN KEY (`attr_id`) REFERENCES `c_attributes` (`id`)
) ENGINE=InnoDB AUTO_INCREMENT=152 DEFAULT CHARSET=utf8;
/*!40101 SET character_set_client = @saved_cs_client */;

--
-- Dumping data for table `c_value_texts`
--

LOCK TABLES `c_value_texts` WRITE;
/*!40000 ALTER TABLE `c_value_texts` DISABLE KEYS */;
INSERT INTO `c_value_texts` VALUES (NULL,0,'2019-08-25 12:11:29',NULL,1,1,13,'运维配置管理数据'),(NULL,0,'2019-08-25 12:14:58',NULL,2,2,21,'Intel Xeon Silver 4114 Processor'),(NULL,0,'2019-08-25 12:14:58',NULL,3,2,25,'3.273TB/RAID5'),(NULL,0,'2019-08-25 12:14:58',NULL,4,2,30,'64GB'),(NULL,0,'2019-08-25 13:35:56',NULL,5,4,21,'Intel Xeon Silver 4114 Processor'),(NULL,0,'2019-08-25 13:35:56',NULL,6,5,21,'Intel Xeon Silver 4114 Processor'),(NULL,0,'2019-08-25 13:35:56',NULL,7,3,21,'Intel Xeon Silver 4114 Processor'),(NULL,0,'2019-08-25 13:35:56',NULL,8,6,21,'Intel Xeon Silver 4114 Processor'),(NULL,0,'2019-08-25 13:35:56',NULL,9,7,21,'Intel Xeon Silver 4114 Processor'),(NULL,0,'2019-08-25 13:35:57',NULL,10,5,25,'3.273TB/RAID5'),(NULL,0,'2019-08-25 13:35:57',NULL,11,4,25,'3.273TB/RAID5'),(NULL,0,'2019-08-25 13:35:57',NULL,12,6,25,'3.273TB/RAID5'),(NULL,0,'2019-08-25 13:35:57',NULL,13,3,25,'3.273TB/RAID5'),(NULL,0,'2019-08-25 13:35:57',NULL,14,5,30,'64GB'),(NULL,0,'2019-08-25 13:35:57',NULL,15,7,25,'3.273TB/RAID5'),(NULL,0,'2019-08-25 13:35:57',NULL,16,4,30,'64GB'),(NULL,0,'2019-08-25 13:35:57',NULL,17,6,30,'64GB'),(NULL,0,'2019-08-25 13:35:57',NULL,18,3,30,'64GB'),(NULL,0,'2019-08-25 13:35:57',NULL,19,7,30,'64GB'),(NULL,0,'2019-08-25 13:35:57',NULL,20,8,21,'Intel Xeon Silver 4114 Processor'),(NULL,0,'2019-08-25 13:35:57',NULL,21,9,21,'Intel Xeon Silver 4114 Processor'),(NULL,0,'2019-08-25 13:35:57',NULL,22,10,21,'Intel Xeon Silver 4114 Processor'),(NULL,0,'2019-08-25 13:35:58',NULL,23,12,21,'Intel Xeon Silver 4114 Processor'),(NULL,0,'2019-08-25 13:35:58',NULL,24,11,21,'Intel Xeon Silver 4114 Processor'),(NULL,0,'2019-08-25 13:35:58',NULL,25,13,21,'Intel Xeon Silver 4114 Processor'),(NULL,0,'2019-08-25 13:35:58',NULL,26,8,25,'3.273TB/RAID5'),(NULL,0,'2019-08-25 13:35:58',NULL,27,8,30,'64GB'),(NULL,0,'2019-08-25 13:35:59',NULL,28,10,25,'3.273TB/RAID5'),(NULL,0,'2019-08-25 13:35:59',NULL,29,9,25,'3.273TB/RAID5'),(NULL,0,'2019-08-25 13:35:59',NULL,30,12,25,'3.273TB/RAID5'),(NULL,0,'2019-08-25 13:35:59',NULL,31,10,30,'64GB'),(NULL,0,'2019-08-25 13:35:59',NULL,32,11,25,'3.273TB/RAID5'),(NULL,0,'2019-08-25 13:35:59',NULL,33,13,25,'3.273TB/RAID5'),(NULL,0,'2019-08-25 13:35:59',NULL,34,9,30,'64GB'),(NULL,0,'2019-08-25 13:35:59',NULL,35,12,30,'64GB'),(NULL,0,'2019-08-25 13:35:59',NULL,36,13,30,'64GB'),(NULL,0,'2019-08-25 13:35:59',NULL,37,11,30,'64GB'),(NULL,0,'2019-08-25 13:35:59',NULL,38,14,21,'Intel Xeon Silver 4114 Processor'),(NULL,0,'2019-08-25 13:35:59',NULL,39,15,21,'Intel Xeon Silver 4114 Processor'),(NULL,0,'2019-08-25 13:35:59',NULL,40,16,21,'Intel Xeon Silver 4114 Processor'),(NULL,0,'2019-08-25 13:35:59',NULL,41,18,21,'Intel Xeon Silver 4114 Processor'),(NULL,0,'2019-08-25 13:35:59',NULL,42,17,21,'Intel Xeon Silver 4114 Processor'),(NULL,0,'2019-08-25 13:36:00',NULL,43,19,21,'Intel Xeon Silver 4114 Processor'),(NULL,0,'2019-08-25 13:36:00',NULL,44,14,25,'3.273TB/RAID5'),(NULL,0,'2019-08-25 13:36:01',NULL,45,14,30,'64GB'),(NULL,0,'2019-08-25 13:36:01',NULL,46,15,25,'3.273TB/RAID5'),(NULL,0,'2019-08-25 13:36:01',NULL,47,15,30,'64GB'),(NULL,0,'2019-08-25 13:36:01',NULL,48,18,25,'3.273TB/RAID5'),(NULL,0,'2019-08-25 13:36:01',NULL,49,18,30,'64GB'),(NULL,0,'2019-08-25 13:36:01',NULL,50,17,25,'3.273TB/RAID5'),(NULL,0,'2019-08-25 13:36:01',NULL,51,16,25,'3.273TB/RAID5'),(NULL,0,'2019-08-25 13:36:01',NULL,52,19,25,'3.273TB/RAID5'),(NULL,0,'2019-08-25 13:36:01',NULL,53,17,30,'64GB'),(NULL,0,'2019-08-25 13:36:01',NULL,54,16,30,'64GB'),(NULL,0,'2019-08-25 13:36:01',NULL,55,20,21,'Intel Xeon Silver 4114 Processor'),(NULL,0,'2019-08-25 13:36:01',NULL,56,19,30,'64GB'),(NULL,0,'2019-08-25 13:36:01',NULL,57,21,21,'Intel Xeon Silver 4114 Processor'),(NULL,0,'2019-08-25 13:36:01',NULL,58,22,21,'Intel Xeon Silver 4114 Processor'),(NULL,0,'2019-08-25 13:36:01',NULL,59,23,21,'Intel Xeon Silver 4114 Processor'),(NULL,0,'2019-08-25 13:36:01',NULL,60,24,21,'Intel Xeon Silver 4114 Processor'),(NULL,0,'2019-08-25 13:36:02',NULL,61,25,21,'Intel Xeon Silver 4114 Processor'),(NULL,0,'2019-08-25 13:36:02',NULL,62,29,21,'Intel Xeon Silver 4114 Processor'),(NULL,0,'2019-08-25 13:36:02',NULL,63,27,21,'Intel Xeon Silver 4114 Processor'),(NULL,0,'2019-08-25 13:36:02',NULL,64,28,21,'Intel Xeon Silver 4114 Processor'),(NULL,0,'2019-08-25 13:36:02',NULL,65,30,21,'Intel Xeon Silver 4114 Processor'),(NULL,0,'2019-08-25 13:36:02',NULL,66,31,21,'Intel Xeon Silver 4114 Processor'),(NULL,0,'2019-08-25 13:36:02',NULL,67,26,21,'Intel Xeon Silver 4114 Processor'),(NULL,0,'2019-08-25 13:36:02',NULL,68,32,21,'Intel Xeon Silver 4114 Processor'),(NULL,0,'2019-08-25 13:36:02',NULL,69,33,21,'Intel Xeon Silver 4114 Processor'),(NULL,0,'2019-08-25 13:36:02',NULL,70,36,21,'Intel Xeon Silver 4114 Processor'),(NULL,0,'2019-08-25 13:36:02',NULL,71,35,21,'Intel Xeon Silver 4114 Processor'),(NULL,0,'2019-08-25 13:36:02',NULL,72,37,21,'Intel Xeon Silver 4114 Processor'),(NULL,0,'2019-08-25 13:36:02',NULL,73,38,21,'Intel Xeon Silver 4114 Processor'),(NULL,0,'2019-08-25 13:36:02',NULL,74,34,21,'Intel Xeon Silver 4114 Processor'),(NULL,0,'2019-08-25 13:36:02',NULL,75,42,21,'Intel Xeon Silver 4114 Processor'),(NULL,0,'2019-08-25 13:36:02',NULL,76,39,21,'Intel Xeon Silver 4114 Processor'),(NULL,0,'2019-08-25 13:36:02',NULL,77,40,21,'Intel Xeon Silver 4114 Processor'),(NULL,0,'2019-08-25 13:36:03',NULL,78,45,21,'Intel Xeon Silver 4114 Processor'),(NULL,0,'2019-08-25 13:36:03',NULL,79,44,21,'Intel Xeon Silver 4114 Processor'),(NULL,0,'2019-08-25 13:36:03',NULL,80,41,21,'Intel Xeon Silver 4114 Processor'),(NULL,0,'2019-08-25 13:36:03',NULL,81,43,21,'Intel Xeon Silver 4114 Processor'),(NULL,0,'2019-08-25 13:36:03',NULL,82,46,21,'Intel Xeon Silver 4114 Processor'),(NULL,0,'2019-08-25 13:36:03',NULL,83,48,21,'Intel Xeon Silver 4114 Processor'),(NULL,0,'2019-08-25 13:36:03',NULL,84,49,21,'Intel Xeon Silver 4114 Processor'),(NULL,0,'2019-08-25 13:36:03',NULL,85,50,21,'Intel Xeon Silver 4114 Processor'),(NULL,0,'2019-08-25 13:36:03',NULL,86,47,21,'Intel Xeon Silver 4114 Processor'),(NULL,0,'2019-08-25 13:36:03',NULL,87,51,21,'Intel Xeon Silver 4114 Processor'),(NULL,0,'2019-08-25 13:36:05',NULL,88,20,25,'3.273TB/RAID5'),(NULL,0,'2019-08-25 13:36:06',NULL,89,20,30,'64GB'),(NULL,0,'2019-08-25 13:36:07',NULL,90,23,25,'3.273TB/RAID5'),(NULL,0,'2019-08-25 13:36:07',NULL,91,22,25,'3.273TB/RAID5'),(NULL,0,'2019-08-25 13:36:08',NULL,92,32,25,'3.273TB/RAID5'),(NULL,0,'2019-08-25 13:36:08',NULL,93,21,25,'3.273TB/RAID5'),(NULL,0,'2019-08-25 13:36:08',NULL,94,27,25,'3.273TB/RAID5'),(NULL,0,'2019-08-25 13:36:08',NULL,95,23,30,'64GB'),(NULL,0,'2019-08-25 13:36:08',NULL,96,24,25,'3.273TB/RAID5'),(NULL,0,'2019-08-25 13:36:08',NULL,97,22,30,'64GB'),(NULL,0,'2019-08-25 13:36:08',NULL,98,39,25,'3.273TB/RAID5'),(NULL,0,'2019-08-25 13:36:08',NULL,99,42,25,'3.273TB/RAID5'),(NULL,0,'2019-08-25 13:36:08',NULL,100,50,25,'3.273TB/RAID5'),(NULL,0,'2019-08-25 13:36:08',NULL,101,32,30,'64GB'),(NULL,0,'2019-08-25 13:36:08',NULL,102,27,30,'64GB'),(NULL,0,'2019-08-25 13:36:08',NULL,103,24,30,'64GB'),(NULL,0,'2019-08-25 13:36:08',NULL,104,26,25,'3.273TB/RAID5'),(NULL,0,'2019-08-25 13:36:08',NULL,105,25,25,'3.273TB/RAID5'),(NULL,0,'2019-08-25 13:36:08',NULL,106,30,25,'3.273TB/RAID5'),(NULL,0,'2019-08-25 13:36:08',NULL,107,31,25,'3.273TB/RAID5'),(NULL,0,'2019-08-25 13:36:09',NULL,108,21,30,'64GB'),(NULL,0,'2019-08-25 13:36:09',NULL,109,29,25,'3.273TB/RAID5'),(NULL,0,'2019-08-25 13:36:09',NULL,110,42,30,'64GB'),(NULL,0,'2019-08-25 13:36:09',NULL,111,46,25,'3.273TB/RAID5'),(NULL,0,'2019-08-25 13:36:09',NULL,112,28,25,'3.273TB/RAID5'),(NULL,0,'2019-08-25 13:36:09',NULL,113,50,30,'64GB'),(NULL,0,'2019-08-25 13:36:09',NULL,114,43,25,'3.273TB/RAID5'),(NULL,0,'2019-08-25 13:36:09',NULL,115,39,30,'64GB'),(NULL,0,'2019-08-25 13:36:09',NULL,116,33,25,'3.273TB/RAID5'),(NULL,0,'2019-08-25 13:36:09',NULL,117,35,25,'3.273TB/RAID5'),(NULL,0,'2019-08-25 13:36:09',NULL,118,26,30,'64GB'),(NULL,0,'2019-08-25 13:36:09',NULL,119,25,30,'64GB'),(NULL,0,'2019-08-25 13:36:09',NULL,120,29,30,'64GB'),(NULL,0,'2019-08-25 13:36:09',NULL,121,30,30,'64GB'),(NULL,0,'2019-08-25 13:36:09',NULL,122,46,30,'64GB'),(NULL,0,'2019-08-25 13:36:09',NULL,123,44,25,'3.273TB/RAID5'),(NULL,0,'2019-08-25 13:36:09',NULL,124,37,25,'3.273TB/RAID5'),(NULL,0,'2019-08-25 13:36:09',NULL,125,49,25,'3.273TB/RAID5'),(NULL,0,'2019-08-25 13:36:09',NULL,126,40,25,'3.273TB/RAID5'),(NULL,0,'2019-08-25 13:36:09',NULL,127,36,25,'3.273TB/RAID5'),(NULL,0,'2019-08-25 13:36:09',NULL,128,48,25,'3.273TB/RAID5'),(NULL,0,'2019-08-25 13:36:09',NULL,129,47,25,'3.273TB/RAID5'),(NULL,0,'2019-08-25 13:36:09',NULL,130,28,30,'64GB'),(NULL,0,'2019-08-25 13:36:09',NULL,131,33,30,'64GB'),(NULL,0,'2019-08-25 13:36:09',NULL,132,43,30,'64GB'),(NULL,0,'2019-08-25 13:36:09',NULL,133,31,30,'64GB'),(NULL,0,'2019-08-25 13:36:09',NULL,134,35,30,'64GB'),(NULL,0,'2019-08-25 13:36:09',NULL,135,45,25,'3.273TB/RAID5'),(NULL,0,'2019-08-25 13:36:10',NULL,136,41,25,'3.273TB/RAID5'),(NULL,0,'2019-08-25 13:36:10',NULL,137,49,30,'64GB'),(NULL,0,'2019-08-25 13:36:10',NULL,138,51,25,'3.273TB/RAID5'),(NULL,0,'2019-08-25 13:36:10',NULL,139,36,30,'64GB'),(NULL,0,'2019-08-25 13:36:10',NULL,140,40,30,'64GB'),(NULL,0,'2019-08-25 13:36:10',NULL,141,37,30,'64GB'),(NULL,0,'2019-08-25 13:36:10',NULL,142,34,25,'3.273TB/RAID5'),(NULL,0,'2019-08-25 13:36:10',NULL,143,47,30,'64GB'),(NULL,0,'2019-08-25 13:36:10',NULL,144,48,30,'64GB'),(NULL,0,'2019-08-25 13:36:10',NULL,145,45,30,'64GB'),(NULL,0,'2019-08-25 13:36:10',NULL,146,38,25,'3.273TB/RAID5'),(NULL,0,'2019-08-25 13:36:10',NULL,147,44,30,'64GB'),(NULL,0,'2019-08-25 13:36:10',NULL,148,51,30,'64GB'),(NULL,0,'2019-08-25 13:36:10',NULL,149,41,30,'64GB'),(NULL,0,'2019-08-25 13:36:11',NULL,150,34,30,'64GB'),(NULL,0,'2019-08-25 13:36:11',NULL,151,38,30,'64GB');
/*!40000 ALTER TABLE `c_value_texts` ENABLE KEYS */;
UNLOCK TABLES;

--
-- Table structure for table `roles`
--

DROP TABLE IF EXISTS `roles`;
/*!40101 SET @saved_cs_client     = @@character_set_client */;
/*!40101 SET character_set_client = utf8 */;
CREATE TABLE `roles` (
  `rid` int(11) NOT NULL AUTO_INCREMENT,
  `role_name` varchar(64) NOT NULL,
  PRIMARY KEY (`rid`),
  UNIQUE KEY `role_name` (`role_name`)
) ENGINE=InnoDB AUTO_INCREMENT=2 DEFAULT CHARSET=utf8;
/*!40101 SET character_set_client = @saved_cs_client */;

--
-- Dumping data for table `roles`
--

LOCK TABLES `roles` WRITE;
/*!40000 ALTER TABLE `roles` DISABLE KEYS */;
INSERT INTO `roles` VALUES (1,'admin');
/*!40000 ALTER TABLE `roles` ENABLE KEYS */;
UNLOCK TABLES;

--
-- Table structure for table `users`
--

DROP TABLE IF EXISTS `users`;
/*!40101 SET @saved_cs_client     = @@character_set_client */;
/*!40101 SET character_set_client = utf8 */;
CREATE TABLE `users` (
  `uid` int(11) NOT NULL AUTO_INCREMENT,
  `username` varchar(32) DEFAULT NULL,
  `nickname` varchar(20) DEFAULT NULL,
  `department` varchar(20) DEFAULT NULL,
  `catalog` varchar(64) DEFAULT NULL,
  `email` varchar(100) NOT NULL,
  `mobile` varchar(14) DEFAULT NULL,
  `password` varchar(80) DEFAULT NULL,
  `key` varchar(32) NOT NULL,
  `secret` varchar(32) NOT NULL,
  `date_joined` datetime DEFAULT NULL,
  `last_login` datetime DEFAULT NULL,
  `block` tinyint(1) DEFAULT NULL,
  `has_logined` tinyint(1) DEFAULT NULL,
  `wx_id` varchar(32) DEFAULT NULL,
  `avatar` varchar(128) DEFAULT NULL,
  PRIMARY KEY (`uid`),
  UNIQUE KEY `email` (`email`),
  UNIQUE KEY `username` (`username`),
  UNIQUE KEY `mobile` (`mobile`)
) ENGINE=InnoDB AUTO_INCREMENT=3 DEFAULT CHARSET=utf8;
/*!40101 SET character_set_client = @saved_cs_client */;

--
-- Dumping data for table `users`
--

LOCK TABLES `users` WRITE;
/*!40000 ALTER TABLE `users` DISABLE KEYS */;
INSERT INTO `users` VALUES (1,'worker','worker',NULL,NULL,'worker@xxx.com',NULL,NULL,'','',NULL,NULL,0,NULL,NULL,NULL),(2,'admin','admin',NULL,NULL,'admin@xxx.com',NULL,'21232f297a57a5a743894a0e4a801fc3','','',NULL,NULL,0,NULL,NULL,NULL);
/*!40000 ALTER TABLE `users` ENABLE KEYS */;
UNLOCK TABLES;

--
-- Table structure for table `users_roles`
--

DROP TABLE IF EXISTS `users_roles`;
/*!40101 SET @saved_cs_client     = @@character_set_client */;
/*!40101 SET character_set_client = utf8 */;
CREATE TABLE `users_roles` (
  `uid` int(11) NOT NULL,
  `rid` int(11) NOT NULL,
  PRIMARY KEY (`uid`,`rid`),
  KEY `rid` (`rid`),
  CONSTRAINT `users_roles_ibfk_1` FOREIGN KEY (`uid`) REFERENCES `users` (`uid`),
  CONSTRAINT `users_roles_ibfk_2` FOREIGN KEY (`rid`) REFERENCES `roles` (`rid`)
) ENGINE=InnoDB DEFAULT CHARSET=utf8;
/*!40101 SET character_set_client = @saved_cs_client */;

--
-- Dumping data for table `users_roles`
--

LOCK TABLES `users_roles` WRITE;
/*!40000 ALTER TABLE `users_roles` DISABLE KEYS */;
INSERT INTO `users_roles` VALUES (2,1);
/*!40000 ALTER TABLE `users_roles` ENABLE KEYS */;
UNLOCK TABLES;
/*!40103 SET TIME_ZONE=@OLD_TIME_ZONE */;

/*!40101 SET SQL_MODE=@OLD_SQL_MODE */;
/*!40014 SET FOREIGN_KEY_CHECKS=@OLD_FOREIGN_KEY_CHECKS */;
/*!40014 SET UNIQUE_CHECKS=@OLD_UNIQUE_CHECKS */;
/*!40101 SET CHARACTER_SET_CLIENT=@OLD_CHARACTER_SET_CLIENT */;
/*!40101 SET CHARACTER_SET_RESULTS=@OLD_CHARACTER_SET_RESULTS */;
/*!40101 SET COLLATION_CONNECTION=@OLD_COLLATION_CONNECTION */;
/*!40111 SET SQL_NOTES=@OLD_SQL_NOTES */;

-- Dump completed on 2019-08-25 13:41:43
